SMILES,nRotB,XLogP,nAtomLAC,AMR,nHBDon,nAtomP,ALogp2,naAromAtom,nAtomLC,nAtom,nB,MLogP,nAromBond,ALogP,LipinskiFailures
InChI%3D1S%2FC10H16%2Fc1-7-2-9-4-8%281%295-10%283-7%296-9%2Fh7-10H%2C1-6H2,0.0,4.76599979400635,0.0,40.4035987854004,0.0,0.0,0.722500026226044,0.0,0.0,26.0,12.0,2.55999994277954,0.0,-0.850000023841858,0.0
InChI%3D1S%2FC6H4Cl2%2Fc7-5-2-1-3-6%288%294-5%2Fh1-4H,0.0,1.97000002861023,0.0,,,6.0,,6.0,0.0,12.0,8.0,1.89999997615814,6.0,,0.0
InChI%3D1S%2FC13H10O2%2Fc14-10-11-6-8-13%289-7-11%2915-12-4-2-1-3-5-12%2Fh1-10H,3.0,1.56599998474121,0.0,,,15.0,,12.0,2.0,25.0,16.0,2.67000007629395,12.0,1.37109994888306,0.0
InChI%3D1S%2FC11H17O3P%2Fc1-3-13-15%2812%2C14-4-2%2910-11-8-6-5-7-9-11%2Fh5-9H%2C3-4%2C10H2%2C1-2H3,6.0,1.45899999141693,2.0,,,6.0,,6.0,9.0,32.0,15.0,2.23000001907349,6.0,,0.0
InChI%3D1S%2FC6H12O%2Fc1-3-4-6%282%295-7%2Fh5-6H%2C3-4H2%2C1-2H3,3.0,2.01799988746643,5.0,28.9101009368896,0.0,1.0,0.0147136896848679,0.0,7.0,19.0,6.0,2.00999999046326,0.0,0.121299996972084,0.0
InChI%3D1S%2FC6H4N2O5%2Fc9-6-2-1-4%287%2810%2911%293-5%286%298%2812%2913%2Fh1-3%2C9H,2.0,,0.0,,,13.0,,6.0,2.0,17.0,13.0,1.35000002384186,6.0,,0.0
InChI%3D1S%2FC8H9NO2%2Fc1-6%2810%299-7-4-2-3-5-8%287%2911%2Fh2-5%2C11H%2C1H3%2C%28H%2C9%2C10%29,1.0,1.66600000858307,2.0,,,10.0,,6.0,4.0,20.0,11.0,2.00999999046326,6.0,,0.0
InChI%3D1S%2FC9H12O2%2Fc1-7-8%2810-2%295-4-6-9%287%2911-3%2Fh4-6H%2C1-3H3,2.0,1.47699999809265,0.0,,,8.0,,6.0,2.0,23.0,11.0,2.23000001907349,6.0,0.85259997844696,0.0
InChI%3D1S%2FC7H5ClO2%2Fc8-6-1-2-7%2810%295%283-6%294-9%2Fh1-4%2C10H,1.0,1.35500001907349,0.0,,,9.0,,6.0,2.0,15.0,10.0,1.89999997615814,6.0,,0.0
InChI%3D1S%2FC3H4O%2Fc1-2-3-4%2Fh1%2C4H%2C3H2,0.0,-0.231000006198883,3.0,15.0410003662109,1.0,2.0,0.0999824404716492,0.0,4.0,8.0,3.0,1.67999994754791,0.0,0.316199988126755,0.0
InChI%3D1S%2FC7H5NO4%2Fc9-4-5-3-6%2810%291-2-7%285%298%2811%2912%2Fh1-4%2C10H,2.0,,0.0,,,12.0,,6.0,2.0,17.0,12.0,1.67999994754791,6.0,,0.0
InChI%3D1S%2FC24H30N3OP%2Fc1-25%282%2919-7-13-22%2814-8-19%2929%2828%2C23-15-9-20%2810-16-23%2926%283%294%2924-17-11-21%2812-18-24%2927%285%296%2Fh7-18H%2C1-6H3,6.0,2.94600009918213,0.0,,,23.0,1.4971969127655,18.0,3.0,59.0,31.0,3.54999995231628,18.0,1.22360002994537,0.0
InChI%3D1S%2FC7H6N2O3%2Fc8-7%2810%295-1-3-6%284-2-5%299%2811%2912%2Fh1-4H%2C%28H2%2C8%2C10%29,5.0,0.0270000007003546,2.0,105.718902587891,,6.0,0.446758568286896,6.0,3.0,53.0,30.0,2.67000007629395,6.0,-0.66839998960495,0.0
InChI%3D1S%2FC2H2ClN%2Fc3-1-2-4%2Fh1H2,0.0,0.26800000667572,2.0,16.37619972229,0.0,2.0,0.3331598341465,0.0,4.0,6.0,3.0,1.46000003814697,0.0,0.577199995517731,0.0
InChI%3D1S%2FC6H6ClN%2Fc7-5-3-1-2-4-6%285%298%2Fh1-4H%2C8H2,0.0,0.901000022888184,0.0,39.2218017578125,,7.0,0.33108514547348,6.0,0.0,14.0,8.0,1.89999997615814,6.0,0.575399994850159,0.0
InChI%3D1S%2FC6H2Cl2N2O4%2Fc7-3-1-4%288%296%2810%2813%2914%292-5%283%299%2811%2912%2Fh1-2H,4.0,1.07799994945526,0.0,,,7.0,0.799772500991821,6.0,3.0,49.0,31.0,2.55999994277954,6.0,0.894299983978271,0.0
InChI%3D1S%2FC7H3Cl2NO%2Fc8-5-1-4%283-10%292-6%289%297%285%2911%2Fh1-2%2C11H,0.0,1.52999997138977,0.0,46.9721984863281,,9.0,2.00732231140137,6.0,2.0,14.0,11.0,1.78999996185303,6.0,1.41680002212524,0.0
InChI%3D1S%2FC8H5F3O%2Fc9-8%2810%2C11%297-3-1-2-6%284-7%295-12%2Fh1-5H,2.0,1.52100002765656,0.0,41.2440986633301,,8.0,3.67834043502808,6.0,3.0,17.0,12.0,1.89999997615814,6.0,1.91789996623993,0.0
InChI%3D1S%2FC6H13NO%2Fc1-5-3-7-4-6%282%298-5%2Fh5-7H%2C3-4H2%2C1-2H3,8.0,1.7059999704361,2.0,110.334396362305,1.0,6.0,1.14554214477539,6.0,5.0,55.0,30.0,2.77999997138977,6.0,1.0702999830246,0.0
InChI%3D1S%2FC11H16N2O2%2Fc1-8-7-9%2815-11%2814%2912-2%295-6-10%288%2913%283%294%2Fh5-7H%2C1-4H3%2C%28H%2C12%2C14%29,3.0,1.86500000953674,0.0,63.4287986755371,,11.0,1.98584461212158,6.0,5.0,31.0,15.0,2.23000001907349,6.0,1.40919995307922,0.0
InChI%3D1S%2FC7H7NO%2Fc8-7%289%296-4-2-1-3-5-6%2Fh1-5H%2C%28H2%2C8%2C9%29,1.0,1.38800001144409,0.0,38.212100982666,,9.0,1.26832640171051,6.0,3.0,16.0,9.0,2.00999999046326,6.0,1.12619996070862,0.0
InChI%3D1S%2F4C6H5.Sn%2Fc4%2A1-2-4-6-5-3-1%3B%2Fh4%2A1-5H%3B,0.0,8.32800006866455,0.0,,,6.0,,24.0,0.0,53.0,24.0,3.99000000953674,24.0,,1.0
InChI%3D1S%2FC6H14O4%2Fc7-1-3-9-5-6-10-4-2-8%2Fh7-8H%2C1-6H2,7.0,-1.58800005912781,2.0,36.6405982971191,,0.0,1.34374463558197,0.0,10.0,24.0,9.0,1.67999994754791,0.0,-1.15919995307922,0.0
InChI%3D1S%2FC4H5NO%2Fc1-4-2-6-3-5-4%2Fh2-3H%2C1H3,0.0,0.583999991416931,0.0,7.3516001701355,0.0,0.0,0.0814531594514847,0.0,0.0,11.0,6.0,1.67999994754791,5.0,0.285400003194809,0.0
InChI%3D1S%2FC16H22O4%2Fc1-3-5-11-19-15%2817%2913-9-7-8-10-14%2813%2916%2818%2920-12-6-4-2%2Fh7-10H%2C3-6%2C11-12H2%2C1-2H3,10.0,5.03399991989136,4.0,45.4515991210938,,12.0,1.46023058891296,6.0,7.0,42.0,20.0,2.77999997138977,6.0,-1.20840001106262,1.0
InChI%3D1S%2FC6H4N2O5%2Fc9-6-3-4%287%2810%2911%291-2-5%286%298%2812%2913%2Fh1-3%2C9H,2.0,,0.0,,,13.0,,6.0,2.0,17.0,13.0,1.35000002384186,6.0,,0.0
InChI%3D1S%2FC14H14NO4PS%2Fc1-2-18-20%2821%2C14-6-4-3-5-7-14%2919-13-10-8-12%289-11-13%2915%2816%2917%2Fh3-11H%2C2H2%2C1H3,6.0,6.44199991226196,2.0,,,19.0,,12.0,6.0,35.0,22.0,2.23000001907349,12.0,,1.0
InChI%3D1S%2FC7H6Cl2%2Fc1-5-2-3-6%288%297%289%294-5%2Fh2-4H%2C1H3,0.0,2.36199998855591,0.0,44.6702003479004,,6.0,6.69360399246216,6.0,0.0,15.0,9.0,2.00999999046326,6.0,2.58719992637634,0.0
InChI%3D1S%2FC12H19NO%2Fc1-2-3-4-5-10-14-12-8-6-11%2813%297-9-12%2Fh6-9H%2C2-5%2C10%2C13H2%2C1H3,6.0,3.05200004577637,6.0,,,8.0,,6.0,7.0,33.0,14.0,2.55999994277954,6.0,-1.48329997062683,0.0
InChI%3D1S%2FC12H8F2O%2Fc13-9-1-5-11%286-2-9%2915-12-7-3-10%2814%294-8-12%2Fh1-8H,2.0,1.97300004959106,0.0,62.4416999816895,,13.0,2.4922935962677,12.0,0.0,23.0,16.0,2.45000004768372,12.0,1.5786999464035,0.0
InChI%3D1S%2FC6H5NO2%2Fc8-7%289%296-4-2-1-3-5-6%2Fh1-5H,1.0,3.26399993896484,0.0,60.4487991333008,,9.0,7.39187335968018,6.0,3.0,14.0,9.0,1.78999996185303,6.0,2.71880006790161,0.0
InChI%3D1S%2FC12H16%2Fc1-5-10-6-8-11%289-7-10%2912%282%2C3%294%2Fh5-9H%2C1H2%2C2-4H3,2.0,4.70900011062622,2.0,57.7896003723145,,8.0,10.731520652771,6.0,3.0,28.0,12.0,2.77999997138977,6.0,3.27589988708496,0.0
InChI%3D1S%2FC7H6O2.Na%2Fc8-7%289%296-4-2-1-3-5-6%3B%2Fh1-5H%2C%28H%2C8%2C9%29%3B%2Fq%3B%2B1%2Fp-1,1.0,0.500999987125397,0.0,,,9.0,,6.0,3.0,15.0,9.0,1.89999997615814,6.0,,0.0
InChI%3D1S%2FC3H6Cl2%2Fc1-3%285%292-4%2Fh3H%2C2H2%2C1H3,1.0,2.03699994087219,3.0,25.2399997711182,0.0,0.0,2.25330114364624,0.0,5.0,11.0,4.0,1.57000005245209,0.0,1.50109994411469,0.0
InChI%3D1S%2F4C4H9.Sn%2Fc4%2A1-3-4-2%3B%2Fh4%2A1%2C3-4H2%2C2H3%3B,4.0,10.46399974823,4.0,70.4823989868164,0.0,0.0,3.58572101593018,0.0,4.0,61.0,12.0,3.10999989509583,0.0,-1.89359998703003,1.0
InChI%3D1S%2FC6H14S%2Fc1-3-5-7-6-4-2%2Fh3-6H2%2C1-2H3,7.0,-0.375,2.0,34.8385009765625,0.0,6.0,0.0197121594101191,6.0,3.0,56.0,29.0,2.89000010490417,6.0,0.140400007367134,0.0
InChI%3D1S%2FC7H12O%2Fc1-3-5-6-7%288%294-2%2Fh2%2C7-8H%2C3%2C5-6H2%2C1H3,3.0,1.79100000858307,7.0,28.360200881958,1.0,2.0,0.311922252178192,0.0,8.0,20.0,7.0,2.11999988555908,0.0,-0.558499991893768,0.0
InChI%3D1S%2FC9H12O%2Fc1-6-4-7%282%299%2810%298%283%295-6%2Fh4-5%2C10H%2C1-3H3,0.0,1.70000004768372,0.0,,,7.0,,6.0,0.0,22.0,10.0,2.33999991416931,6.0,2.17950010299683,0.0
InChI%3D1S%2FC8H6ClN%2Fc1-6-3-2-4-8%289%297%286%295-10%2Fh2-4H%2C1H3,0.0,1.63699996471405,0.0,,,8.0,,6.0,1.0,16.0,10.0,2.11999988555908,6.0,2.0576000213623,0.0
InChI%3D1S%2FC8H12N2%2Fc9-7-5-3-1-2-4-6-8-10%2Fh1-6H2,5.0,1.36600005626678,8.0,33.1419982910156,0.0,2.0,1.02616894245148,0.0,10.0,22.0,9.0,2.11999988555908,0.0,-1.01300001144409,0.0
InChI%3D1S%2FC3H4Cl2%2Fc4-2-1-3-5%2Fh1-2H%2C3H2,0.0,1.84300005435944,0.0,86.4738006591797,0.0,13.0,0.50552099943161,12.0,0.0,36.0,23.0,3.0,12.0,0.711000025272369,0.0
InChI%3D1S%2FC12H7BrN2O5%2Fc13-8-1-4-10%285-2-8%2920-12-6-3-9%2814%2816%2917%297-11%2812%2915%2818%2919%2Fh1-7H,4.0,,0.0,,,19.0,,12.0,3.0,27.0,21.0,1.89999997615814,12.0,,0.0
InChI%3D1S%2FC20H30O2%2Fc1-5-18%282%2912-9-15-14%2813-18%297-8-16-19%2815%2C3%2910-6-11-20%2816%2C4%2917%2821%2922%2Fh5%2C7%2C15-16H%2C1%2C6%2C8-13H2%2C2-4H3%2C%28H%2C21%2C22%29,2.0,6.31599998474121,2.0,89.8181991577148,1.0,3.0,3.8734176158905,0.0,2.0,52.0,24.0,3.44000005722046,0.0,1.96809995174408,1.0
InChI%3D1S%2FC6H14S2%2Fc1-3-7-5-6-8-4-2%2Fh3-6H2%2C1-2H3,5.0,2.99799990653992,2.0,44.9924011230469,0.0,0.0,3.64733600616455,0.0,8.0,22.0,7.0,1.89999997615814,0.0,1.90980005264282,0.0
InChI%3D1S%2FC18H9Cl6O4P%2Fc19-10-4-1-5-11%2820%2916%2810%2926-29%2825%2C27-17-12%2821%296-2-7-13%2817%2922%2928-18-14%2823%298-3-9-15%2818%2924%2Fh1-9H,6.0,5.88000011444092,0.0,130.156402587891,,23.0,24.8332786560059,18.0,5.0,38.0,31.0,2.23000001907349,18.0,4.98330020904541,1.0
InChI%3D1S%2FC2H3Cl3%2Fc1-2%283%2C4%295%2Fh1H3,0.0,2.46900010108948,2.0,26.2173004150391,0.0,0.0,4.11805868148804,0.0,5.0,8.0,4.0,1.35000002384186,0.0,2.02929997444153,0.0
InChI%3D1S%2FC6H7N%2Fc7-6-4-2-1-3-5-6%2Fh1-5H%2C7H2,0.0,1.97699999809265,0.0,4.22209978103638,1.0,7.0,0.562350034713745,6.0,0.0,14.0,7.0,2.00999999046326,6.0,-0.749899983406067,0.0
InChI%3D1S%2FC5H10O%2Fc1-3-5%282%294-6%2Fh4-5H%2C3H2%2C1-2H3,2.0,1.44900000095367,4.0,24.4582996368408,0.0,1.0,0.0180364903062582,0.0,6.0,16.0,5.0,1.89999997615814,0.0,-0.134299993515015,0.0
InChI%3D1S%2FC24H38O4%2Fc1-3-5-7-9-11-13-19-27-23%2825%2921-15-17-22%2818-16-21%2924%2826%2928-20-14-12-10-8-6-4-2%2Fh15-18H%2C3-14%2C19-20H2%2C1-2H3,18.0,7.77600002288818,8.0,97.2600021362305,,12.0,6.25099992752075,6.0,11.0,66.0,28.0,3.66000008583069,6.0,-2.50020003318787,2.0
InChI%3D1S%2FC6H7N%2Fc1-6-2-4-7-5-3-6%2Fh2-5H%2C1H3,0.0,0.351000010967255,0.0,31.6683006286621,,6.0,0.0272250007838011,6.0,0.0,14.0,7.0,2.00999999046326,6.0,0.165000006556511,0.0
InChI%3D1S%2FC2H3Cl3%2Fc3-1-2%284%295%2Fh2H%2C1H2,4.0,0.801999986171722,0.0,161.667007446289,0.0,12.0,0.659668862819672,16.0,3.0,82.0,50.0,3.99000000953674,17.0,-0.812200009822845,0.0
InChI%3D1S%2FC15H24O%2Fc1-2-3-4-5-6-7-8-9-14-10-12-15%2816%2913-11-14%2Fh10-13%2C16H%2C2-9H2%2C1H3,8.0,6.91900014877319,9.0,,,7.0,,6.0,9.0,40.0,16.0,3.0,6.0,-2.36260008811951,1.0
InChI%3D1S%2FC2HCl5%2Fc3-1%284%292%285%2C6%297%2Fh1H,1.0,3.22900009155273,2.0,36.3208999633789,0.0,0.0,8.33938884735107,0.0,7.0,8.0,6.0,1.12999999523163,0.0,2.88779997825623,0.0
InChI%3D1S%2FC7H8ClN%2Fc1-5-2-3-7%289%296%288%294-5%2Fh2-4H%2C9H2%2C1H3,10.0,3.60899996757507,3.0,160.646606445312,,20.0,0.700568974018097,22.0,6.0,73.0,43.0,4.21000003814697,23.0,0.837000012397766,0.0
InChI%3D1S%2FC8H6BrNO5%2Fc1-15-8-6%2810%2813%2914%294%283-11%292-5%289%297%288%2912%2Fh2-3%2C12H%2C1H3,3.0,1.36099994182587,0.0,,,13.0,,6.0,2.0,21.0,15.0,1.57000005245209,6.0,,0.0
InChI%3D1S%2FC12H10N2O%2Fc15-12-8-6-11%287-9-12%2914-13-10-4-2-1-3-5-10%2Fh1-9%2C15H,2.0,2.50799989700317,0.0,62.1725006103516,,15.0,1.82276999950409,12.0,2.0,25.0,16.0,2.45000004768372,12.0,1.35010004043579,0.0
InChI%3D1S%2FC14H23N%2Fc1-2-3-4-5-6-7-8-13-9-11-14%2815%2912-10-13%2Fh9-12H%2C2-8%2C15H2%2C1H3,5.0,2.63899993896484,2.0,,,6.0,,12.0,3.0,51.0,30.0,3.32999992370605,12.0,2.04620003700256,0.0
InChI%3D1S%2FC11H15NO3%2Fc1-8%282%2914-9-6-4-5-7-10%289%2915-11%2813%2912-3%2Fh4-8H%2C1-3H3%2C%28H%2C12%2C13%29,4.0,2.27300000190735,0.0,38.3759002685547,,11.0,1.75403535366058,6.0,5.0,30.0,15.0,2.23000001907349,6.0,0.643100023269653,0.0
InChI%3D1S%2FC15H12Cl4O2%2Fc1-15%282%2C7-3-9%2816%2913%2820%2910%2817%294-7%298-5-11%2818%2914%2821%2912%2819%296-8%2Fh3-6%2C20-21H%2C1-2H3,2.0,4.90100002288818,0.0,,,7.0,,12.0,2.0,33.0,22.0,2.45000004768372,12.0,,0.0
InChI%3D1S%2FC3H7Br%2Fc1-2-3-4%2Fh2-3H2%2C1H3,1.0,2.09400010108948,3.0,22.1215991973877,0.0,0.0,0.440497696399689,0.0,4.0,11.0,3.0,1.67999994754791,0.0,0.663699984550476,0.0
InChI%3D1S%2FC2HCl3%2Fc3-1-2%284%295%2Fh1H,0.0,2.64199995994568,2.0,25.2621994018555,0.0,2.0,3.03735184669495,0.0,5.0,6.0,4.0,1.35000002384186,0.0,1.74279999732971,0.0
InChI%3D1S%2FC12H11NO2%2Fc1-13-12%2814%2915-11-8-4-6-9-5-2-3-7-10%289%2911%2Fh2-8H%2C1H3%2C%28H%2C13%2C14%29,2.0,2.29200005531311,0.0,63.7247009277344,,14.0,3.01439046859741,10.0,5.0,26.0,16.0,2.45000004768372,11.0,1.73619997501373,0.0
InChI%3D1S%2FC5H4BrNO%2Fc6-5-4%288%292-1-3-7-5%2Fh1-3%2C8H,0.0,1.0,0.0,,,7.0,,6.0,0.0,12.0,8.0,1.67999994754791,6.0,,0.0
InChI%3D1S%2FC20H30O2%2Fc1-13%282%2914-6-8-16-15%2812-14%297-9-17-19%2816%2C3%2910-5-11-20%2817%2C4%2918%2821%2922%2Fh12%2C16-17H%2C5-11H2%2C1-4H3%2C%28H%2C21%2C22%29,1.0,5.77600002288818,3.0,90.2817993164062,1.0,4.0,4.61562252044678,0.0,3.0,52.0,24.0,3.44000005722046,0.0,2.14840006828308,1.0
InChI%3D1S%2FC7H4Cl2O%2Fc8-6-2-1-5%284-10%297%289%293-6%2Fh1-4H,5.0,1.69000005722046,0.0,164.806304931641,,25.0,2.83181595802307,21.0,2.0,71.0,52.0,3.32999992370605,22.0,-1.68280005455017,0.0
InChI%3D1S%2FC12H11N%2Fc1-3-7-11%288-4-1%2913-12-9-5-2-6-10-12%2Fh1-10%2C13H,2.0,4.90999984741211,0.0,86.0852966308594,,13.0,3.60000012733508e-05,12.0,0.0,24.0,14.0,2.67000007629395,12.0,-0.00600000005215406,0.0
InChI%3D1S%2FC18H15O4P%2Fc19-23%2820-16-10-4-1-5-11-16%2C21-17-12-6-2-7-13-17%2922-18-14-8-3-9-15-18%2Fh1-15H,3.0,0.596000015735626,0.0,68.2371978759766,,9.0,0.155709162354469,6.0,4.0,29.0,16.0,2.00999999046326,6.0,0.394600003957748,0.0
InChI%3D1S%2FC3H6Cl2%2Fc4-2-1-3-5%2Fh1-3H2,1.0,0.651000022888184,0.0,23.5671997070312,0.0,12.0,1.4976863861084,6.0,0.0,26.0,15.0,2.33999991416931,6.0,1.22379994392395,0.0
InChI%3D1S%2FC9H10Cl2N2O%2Fc1-13%282%299%2814%2912-6-3-4-7%2810%298%2811%295-6%2Fh3-5H%2C1-2H3%2C%28H%2C12%2C14%29,2.0,2.31599998474121,0.0,62.086799621582,,10.0,3.32734084129333,6.0,6.0,24.0,14.0,1.89999997615814,6.0,1.82410001754761,0.0
InChI%3D1S%2FC6H4FNO2%2Fc7-5-1-3-6%284-2-5%298%289%2910%2Fh1-4H,1.0,,0.0,,,9.0,,6.0,3.0,14.0,10.0,1.67999994754791,6.0,,0.0
InChI%3D1S%2FC9H11NO%2Fc1-10%282%299-5-3-8%287-11%294-6-9%2Fh3-7H%2C1-2H3,2.0,0.96399998664856,0.0,,,9.0,,6.0,3.0,22.0,11.0,2.23000001907349,6.0,,0.0
InChI%3D1S%2FC9H12O%2Fc1-6-4-5-7%282%299%2810%298%286%293%2Fh4-5%2C10H%2C1-3H3,0.0,1.70000004768372,0.0,45.407299041748,,7.0,4.75022029876709,6.0,0.0,22.0,10.0,2.33999991416931,6.0,2.17950010299683,0.0
InChI%3D1S%2FC10H14%2Fc1-3-9-6-5-7-10%284-2%298-9%2Fh5-8H%2C3-4H2%2C1-2H3,2.0,3.79399991035461,2.0,49.2165985107422,,6.0,2.64387607574463,6.0,2.0,24.0,10.0,2.55999994277954,6.0,1.62600004673004,0.0
InChI%3D1S%2FC8H8Cl2%2Fc9-5-7-1-2-8%286-10%294-3-7%2Fh1-4H%2C5-6H2,2.0,1.65199995040894,0.0,,,6.0,,6.0,1.0,18.0,10.0,2.11999988555908,6.0,,0.0
InChI%3D1S%2FC12H11NO3S%2Fc14-17%2815%2C16%2912-7-4-8-13%2810-12%299-11-5-2-1-3-6-11%2Fh1-8%2C10H%2C9H2,3.0,2.49499988555908,0.0,,1.0,6.0,,6.0,4.0,33.0,18.0,2.23000001907349,6.0,,0.0
InChI%3D1S%2FC12H10O3%2Fc13-9-1-5-11%286-2-9%2915-12-7-3-10%2814%294-8-12%2Fh1-8%2C13-14H,2.0,1.5789999961853,0.0,,,15.0,,12.0,0.0,25.0,16.0,2.45000004768372,12.0,,0.0
InChI%3D1S%2FC18H31N%2Fc1-2-3-4-5-6-7-8-9-10-11-12-17-13-15-18%2819%2916-14-17%2Fh13-16H%2C2-12%2C19H2%2C1H3,5.0,1.06700003147125,2.0,67.3082962036133,,7.0,0.29387241601944,6.0,4.0,33.0,15.0,2.23000001907349,6.0,-0.542100012302399,0.0
InChI%3D1S%2FC7H5Cl2NO%2Fc8-4-1-2-5%287%2810%2911%296%289%293-4%2Fh1-3H%2C%28H2%2C10%2C11%29,1.0,1.90900003910065,0.0,47.6445007324219,,9.0,3.47300505638123,6.0,3.0,16.0,11.0,1.78999996185303,6.0,1.86360001564026,0.0
InChI%3D1S%2FC6H14O2%2Fc1-5%287%294-6%282%2C3%298%2Fh5%2C7-8H%2C4H2%2C1-3H3,2.0,0.486999988555908,5.0,32.6455993652344,2.0,0.0,0.00490000005811453,0.0,8.0,22.0,7.0,1.89999997615814,0.0,-0.0700000002980232,0.0
InChI%3D1S%2FC12H17NO%2Fc1-4-13%285-2%2912%2814%2911-8-6-7-10%283%299-11%2Fh6-9H%2C4-5H2%2C1-3H3,4.0,2.15199995040894,2.0,61.4402008056641,,9.0,2.97493505477905,6.0,7.0,31.0,14.0,2.55999994277954,6.0,1.72479999065399,0.0
InChI%3D1S%2FC7H9N%2Fc1-2-7-5-3-4-6-8-7%2Fh3-6H%2C2H2%2C1H3,1.0,0.39300000667572,2.0,,,6.0,,6.0,2.0,17.0,8.0,2.11999988555908,6.0,-0.266699999570847,0.0
InChI%3D1S%2FC6H3I3O%2Fc7-3-1-4%288%296%2810%295%289%292-3%2Fh1-2%2C10H,0.0,3.80399990081787,0.0,69.5197982788086,,7.0,2.84866881370544,6.0,0.0,13.0,10.0,1.67999994754791,6.0,1.6878000497818,0.0
InChI%3D1S%2FC24H27O4P%2Fc1-16-7-10-22%2813-19%2816%294%2926-29%2825%2C27-23-11-8-17%282%2920%285%2914-23%2928-24-12-9-18%283%2921%286%2915-24%2Fh7-15H%2C1-6H3,6.0,5.40299987792969,0.0,127.551200866699,,23.0,29.6970500946045,18.0,5.0,56.0,31.0,3.54999995231628,18.0,5.44950008392334,1.0
InChI%3D1S%2FC8H8O%2Fc1-7-4-2-3-5-8%287%296-9%2Fh2-6H%2C1H3,1.0,1.45500004291534,0.0,,,8.0,,6.0,1.0,17.0,9.0,2.23000001907349,6.0,,0.0
InChI%3D1S%2FC10H14O%2Fc1-2-3-9-11-10-7-5-4-6-8-10%2Fh4-8H%2C2-3%2C9H2%2C1H3,4.0,2.61700010299683,4.0,,,7.0,,6.0,5.0,25.0,11.0,2.45000004768372,6.0,0.289400011301041,0.0
InChI%3D1S%2FC6H4N2O5%2Fc9-6-4%287%2810%2911%292-1-3-5%286%298%2812%2913%2Fh1-3%2C9H,2.0,3.32299995422363,0.0,,,13.0,,6.0,3.0,17.0,13.0,1.35000002384186,6.0,,0.0
InChI%3D1S%2FC7H5NO3S.Na.H2O%2Fc9-7-5-3-1-2-4-6%285%2912%2810%2C11%298-7%3B%3B%2Fh1-4H%2C%28H%2C8%2C9%29%3B%3B1H2%2Fq%3B%2B1%3B%2Fp-1,0.0,,0.0,,,12.0,,6.0,0.0,20.0,13.0,1.46000003814697,6.0,,
InChI%3D1S%2FC8H8O%2Fc1-7%289%298-5-3-2-4-6-8%2Fh2-6H%2C1H3,1.0,1.24399995803833,2.0,40.5060997009277,,8.0,0.909925222396851,6.0,3.0,17.0,9.0,2.23000001907349,6.0,0.95389997959137,0.0
InChI%3D1S%2FC7H3I2NO%2Fc8-5-1-4%283-10%292-6%289%297%285%2911%2Fh1-2%2C11H,0.0,2.44899988174438,0.0,36.6556015014648,,9.0,5.83029317855835,6.0,2.0,14.0,11.0,1.78999996185303,6.0,2.41459989547729,0.0
InChI%3D1S%2FC6H5Cl2N%2Fc7-5-2-1-4%289%293-6%285%298%2Fh1-3H%2C9H2,0.0,1.47800004482269,0.0,,,7.0,,6.0,0.0,14.0,9.0,1.78999996185303,6.0,,0.0
InChI%3D1S%2FC6H6BrN%2Fc7-5-1-3-6%288%294-2-5%2Fh1-4H%2C8H2,2.0,,3.0,,,18.0,,6.0,3.0,39.0,27.0,3.10999989509583,6.0,,0.0
InChI%3D1S%2FC23H22O6%2Fc1-11%282%2916-8-14-15%2828-16%296-5-12-22%2824%2921-13-7-18%2825-3%2919%2826-4%299-17%2813%2927-10-20%2821%2929-23%2812%2914%2Fh5-7%2C9%2C16%2C20-21H%2C1%2C8%2C10H2%2C2-4H3,3.0,2.07599997520447,0.0,114.148902893066,,10.0,0.0192376896739006,12.0,2.0,51.0,33.0,3.32999992370605,12.0,0.152700006961823,0.0
InChI%3D1S%2FC6H15N3%2Fc7-1-4-9-5-2-8-3-6-9%2Fh8H%2C1-7H2,5.0,2.92400002479553,2.0,38.6932983398438,2.0,6.0,1.18265628814697,6.0,5.0,58.0,29.0,3.44000005722046,6.0,-1.08749997615814,0.0
InChI%3D1S%2FC6H6O2%2Fc7-5-3-1-2-4-6%285%298%2Fh1-4%2C7-8H,4.0,-0.156000003218651,2.0,34.1668014526367,,12.0,0.0153512097895145,6.0,4.0,36.0,20.0,2.00999999046326,6.0,-0.12389999628067,0.0
InChI%3D1S%2FC4H6O%2Fc1-2-3-4-5%2Fh1%2C5H%2C3-4H2,4.0,3.02600002288818,3.0,19.4927997589111,1.0,13.0,0.326955229043961,12.0,6.0,40.0,23.0,2.89000010490417,12.0,0.571799993515015,0.0
InChI%3D1S%2FC5Cl5N%2Fc6-1-2%287%294%289%2911-5%2810%293%281%298,0.0,3.21300005912781,0.0,51.2977981567383,,6.0,9.34463787078857,6.0,0.0,11.0,11.0,1.35000002384186,6.0,3.05690002441406,0.0
InChI%3D1S%2FN3.Na%2Fc1-3-2%3B%2Fq-1%3B%2B1,0.0,-1.67900002002716,0.0,,1.0,3.0,,0.0,3.0,6.0,2.0,1.01999998092651,0.0,,0.0
InChI%3D1S%2FC7H5FO%2Fc8-7-4-2-1-3-6%287%295-9%2Fh1-5H,1.0,0.757000029087067,0.0,36.157398223877,,8.0,0.855995059013367,6.0,2.0,14.0,9.0,2.00999999046326,6.0,0.92519998550415,0.0
InChI%3D1S%2FC12H10O%2Fc13-12-9-5-4-8-11%2812%2910-6-2-1-3-7-10%2Fh1-9%2C13H,1.0,2.57100009918213,0.0,61.0769004821777,,13.0,3.43175625801086,12.0,0.0,23.0,14.0,2.67000007629395,12.0,1.85249996185303,0.0
InChI%3D1S%2FC17H19NO3%2Fc19-17%2818-10-4-1-5-11-18%297-3-2-6-14-8-9-15-16%2812-14%2921-13-20-15%2Fh2-3%2C6-9%2C12H%2C1%2C4-5%2C10-11%2C13H2,4.0,2.51799988746643,5.0,82.0260009765625,,15.0,0.403479039669037,6.0,6.0,40.0,23.0,2.89000010490417,6.0,-0.635200023651123,0.0
InChI%3D1S%2FC8H7N%2Fc1-7-4-2-3-5-8%287%296-9%2Fh2-5H%2C1H3,0.0,3.09999990463257,0.0,11.7006998062134,,8.0,0.457922875881195,6.0,2.0,16.0,9.0,2.23000001907349,6.0,0.676699995994568,0.0
InChI%3D1S%2FC10H18O%2Fc1-9%282%297-4-5-10%289%2C3%298%2811%296-7%2Fh7-8%2C11H%2C4-6H2%2C1-3H3,0.0,2.73399996757507,0.0,44.2816009521484,1.0,0.0,0.889626264572144,0.0,0.0,29.0,12.0,2.45000004768372,0.0,0.943199992179871,0.0
InChI%3D1S%2FC15H26O%2Fc1-6-15%285%2C16%2912-8-11-14%284%2910-7-9-13%282%293%2Fh6%2C9%2C11%2C16H%2C1%2C7-8%2C10%2C12H2%2C2-5H3,7.0,4.28999996185303,12.0,73.6714019775391,1.0,2.0,13.7003622055054,0.0,16.0,42.0,15.0,3.0,0.0,3.7014000415802,0.0
InChI%3D1S%2FC4H6Cl2%2Fc1-2-4%286%293-5%2Fh2%2C4H%2C1%2C3H2,4.0,2.82299995422363,0.0,29.4885005950928,0.0,0.0,4.65394306182861,0.0,12.0,55.0,20.0,2.77999997138977,0.0,2.15729999542236,0.0
InChI%3D1S%2FC13H10O3%2Fc14-12-9-5-4-8-11%2812%2913%2815%2916-10-6-2-1-3-7-10%2Fh1-9%2C14H,3.0,4.57399988174438,0.0,8.85630035400391,,16.0,0.30404195189476,12.0,3.0,26.0,17.0,2.55999994277954,12.0,-0.551400005817413,1.0
InChI%3D1S%2FC8H9NO2%2Fc1-11-7-5-3-2-4-6%287%298%289%2910%2Fh2-5H%2C1H3%2C%28H2%2C9%2C10%29,2.0,1.2059999704361,0.0,44.855598449707,,10.0,0.393881767988205,6.0,2.0,20.0,11.0,2.00999999046326,6.0,0.627600014209747,0.0
InChI%3D1S%2FC6H10%2Fc1-3-5-6-4-2%2Fh3-6H%2C1-2H3,1.0,3.00399994850159,6.0,32.1021995544434,0.0,4.0,3.29277324676514,0.0,6.0,16.0,5.0,2.11999988555908,0.0,1.81459999084473,0.0
InChI%3D1S%2FC13H22N.ClH%2Fc1-4-14%285-2%2C6-3%2912-13-10-8-7-9-11-13%3B%2Fh7-11H%2C4-6%2C12H2%2C1-3H3%3B1H%2Fq%2B1%3B%2Fp-1,5.0,2.74499988555908,2.0,,,6.0,,6.0,8.0,37.0,14.0,2.67000007629395,6.0,,0.0
InChI%3D1S%2FC2Cl6%2Fc3-1%284%2C5%292%286%2C7%298,1.0,3.88199996948242,2.0,41.8779983520508,0.0,0.0,11.4000768661499,0.0,8.0,8.0,7.0,1.01999998092651,0.0,3.37639999389648,0.0
InChI%3D1S%2FC2H4Cl2%2Fc3-1-2-4%2Fh1-2H2,1.0,1.74000000953674,2.0,20.6555995941162,0.0,0.0,2.28553915023804,0.0,4.0,8.0,3.0,1.46000003814697,0.0,1.51180005073547,0.0
InChI%3D1S%2FC14H8O2%2Fc15-13-9-5-1-2-6-10%289%2914%2816%2912-8-4-3-7-11%2812%2913%2Fh1-8H,0.0,4.07399988174438,0.0,10.6920003890991,,16.0,0.278361767530441,12.0,0.0,24.0,18.0,2.77999997138977,12.0,-0.527599990367889,0.0
InChI%3D1S%2FC10H12N2O5%2Fc1-3-6%282%298-4-7%2811%2814%2915%295-9%2810%288%2913%2912%2816%2917%2Fh4-6%2C13H%2C3H2%2C1-2H3,0.0,1.21200001239777,0.0,67.7231979370117,,16.0,2.24041032791138,12.0,0.0,24.0,18.0,2.77999997138977,12.0,1.4967999458313,0.0
InChI%3D1S%2FC20H14O4%2Fc21-19%2823-15-9-3-1-4-10-15%2917-13-7-8-14-18%2817%2920%2822%2924-16-11-5-2-6-12-16%2Fh1-14H,6.0,2.73799991607666,0.0,,,24.0,,18.0,3.0,38.0,26.0,3.22000002861023,18.0,,0.0
InChI%3D1S%2FC9H11NO2.CH4O3S%2Fc1-2-12-9%2811%297-4-3-5-8%2810%296-7%3B1-5%282%2C3%294%2Fh3-6H%2C2%2C10H2%2C1H3%3B1H3%2C%28H%2C2%2C3%2C4%29,3.0,,2.0,,,10.0,0.0277222506701946,6.0,5.0,32.0,16.0,1.78999996185303,6.0,-0.166500002145767,
InChI%3D1S%2FC6H4Cl2%2Fc7-5-3-1-2-4-6%285%298%2Fh1-4H,0.0,1.97000002861023,0.0,40.3881988525391,0.0,6.0,4.58302450180054,6.0,0.0,12.0,8.0,1.89999997615814,6.0,2.14079999923706,0.0
InChI%3D1S%2FC2H3Cl2NO%2Fc3-1%284%292%285%296%2Fh1H%2C%28H2%2C5%2C6%29,1.0,0.816999971866608,0.0,74.8499984741211,2.0,16.0,0.514232397079468,12.0,0.0,34.0,23.0,2.55999994277954,12.0,-0.717100024223328,0.0
InChI%3D1S%2FC24H38O4%2Fc1-3-5-7-9-11-13-18-27-23%2825%2921-16-15-17-22%2820-21%2924%2826%2928-19-14-12-10-8-6-4-2%2Fh15-17%2C20H%2C3-14%2C18-19H2%2C1-2H3,18.0,7.98699998855591,8.0,97.2600021362305,,12.0,6.25099992752075,6.0,11.0,66.0,28.0,3.66000008583069,6.0,-2.50020003318787,2.0
InChI%3D1S%2FC9H14N.HI%2Fc1-10%282%2C3%299-7-5-4-6-8-9%3B%2Fh4-8H%2C1-3H3%3B1H%2Fq%2B1%3B%2Fp-1,1.0,1.817999958992,0.0,,,7.0,,6.0,4.0,25.0,10.0,2.23000001907349,6.0,,0.0
InChI%3D1S%2FC11H16O%2Fc1-4-11%282%2C3%299-5-7-10%2812%298-6-9%2Fh5-8%2C12H%2C4H2%2C1-3H3,2.0,3.28699994087219,4.0,55.3163986206055,,7.0,3.48120975494385,6.0,5.0,28.0,12.0,2.55999994277954,6.0,1.86580002307892,0.0
InChI%3D1S%2FC6H4N2%2Fc7-5-6-3-1-2-4-8-6%2Fh1-4H,0.0,-0.400000005960464,0.0,,,8.0,,6.0,2.0,12.0,8.0,1.89999997615814,6.0,-0.31810000538826,0.0
InChI%3D1S%2FC7H5Cl2NO%2Fc8-4-2-1-3-5%289%296%284%297%2810%2911%2Fh1-3H%2C%28H2%2C10%2C11%29,1.0,2.63100004196167,0.0,19.7075996398926,,9.0,1.97964894771576,6.0,3.0,16.0,11.0,1.78999996185303,6.0,1.40699994564056,0.0
InChI%3D1S%2FC8H5Cl3O%2Fc1-4%2812%295-2-3-6%289%298%2811%297%285%2910%2Fh2-3H%2C1H3,1.0,2.34200000762939,2.0,,,8.0,,6.0,3.0,17.0,12.0,1.89999997615814,6.0,,0.0
InChI%3D1S%2FC22H26O3%2Fc1-15%282%2910-19-20%2822%2819%2C3%294%2921%2823%2925-14-17-12-18%2824-13-17%2911-16-8-6-5-7-9-16%2Fh5-10%2C12-13%2C19-20H%2C11%2C14H2%2C1-4H3,7.0,4.75299978256226,3.0,,0.0,6.0,,6.0,4.0,55.0,27.0,3.54999995231628,6.0,0.627900004386902,0.0
InChI%3D1S%2FC8H7ClO2%2Fc1-11-8%2810%296-2-4-7%289%295-3-6%2Fh2-5H%2C1H3,2.0,1.24699997901917,0.0,,,9.0,,6.0,4.0,18.0,11.0,2.00999999046326,6.0,,0.0
InChI%3D1S%2FC9H9Cl2NO%2Fc1-2-9%2813%2912-6-3-4-7%2810%298%2811%295-6%2Fh3-5H%2C2H2%2C1H3%2C%28H%2C12%2C13%29,7.0,-2.40400004386902,2.0,112.22509765625,,8.0,2.71953082084656,6.0,3.0,57.0,30.0,2.77999997138977,6.0,-1.64909994602203,0.0
InChI%3D1S%2FC7H6O2%2Fc8-5-6-3-1-2-4-7%286%299%2Fh1-5%2C9H,1.0,0.989000022411346,0.0,,,9.0,0.204575285315514,6.0,2.0,15.0,9.0,2.00999999046326,6.0,0.452300012111664,0.0
InChI%3D1S%2FC6H3Cl3%2Fc7-4-1-2-5%288%296%289%293-4%2Fh1-3H,5.0,2.0550000667572,2.0,100.481903076172,,6.0,0.0879715606570244,6.0,3.0,52.0,29.0,3.0,6.0,-0.296600013971329,0.0
InChI%3D1S%2FC6HCl3N2O4%2Fc7-2-1-3%288%296%2811%2814%2915%294%289%295%282%2910%2812%2913%2Fh1H,5.0,2.0550000667572,2.0,100.481903076172,,6.0,0.0879715606570244,6.0,3.0,52.0,29.0,3.0,6.0,-0.296600013971329,0.0
InChI%3D1S%2FC9H16O%2Fc1-5-9%284%2C10%297-6-8%282%293%2Fh1%2C8%2C10H%2C6-7H2%2C2-4H3,3.0,2.40899991989136,7.0,41.535701751709,1.0,2.0,2.38177490234375,0.0,10.0,26.0,9.0,2.33999991416931,0.0,1.54330003261566,0.0
InChI%3D1S%2FC6H3Br3O%2Fc7-3-1-4%288%296%2810%295%289%292-3%2Fh1-2%2C10H,0.0,2.99399995803833,0.0,55.1638984680176,,7.0,4.83296251296997,6.0,0.0,13.0,10.0,1.67999994754791,6.0,2.19840002059937,0.0
InChI%3D1S%2FC12H8BrNO%2Fc13-11-5-3-9%284-6-11%2912%2815%2910-2-1-7-14-8-10%2Fh1-8H,2.0,0.896000027656555,0.0,68.782096862793,,14.0,0.845848083496094,12.0,2.0,23.0,16.0,2.45000004768372,12.0,0.919700026512146,0.0
InChI%3D1S%2FC11H17O4PS2%2Fc1-4-13-16%2817%2C14-5-2%2915-10-6-8-11%289-7-10%2918%283%2912%2Fh6-9H%2C4-5H2%2C1-3H3,7.0,1.81099998950958,2.0,,,13.0,,6.0,9.0,35.0,18.0,1.89999997615814,6.0,1.59669995307922,0.0
InChI%3D1S%2FC7H6BrNO%2Fc8-6-3-1-2-5%284-6%297%289%2910%2Fh1-4H%2C%28H2%2C9%2C10%29,1.0,2.87299990653992,0.0,17.0755004882812,,9.0,0.651571810245514,6.0,2.0,16.0,10.0,1.89999997615814,6.0,0.807200014591217,0.0
InChI%3D1S%2F2C9H13N.H2O4S%2Fc2%2A1-8%2810%297-9-5-3-2-4-6-9%3B1-5%282%2C3%294%2Fh2%2A2-6%2C8H%2C7%2C10H2%2C1H3%3B%28H2%2C1%2C2%2C3%2C4%29,7.0,5.40000009536743,3.0,49.9654006958008,,6.0,0.098031610250473,12.0,4.0,100.0,49.0,4.98000001907349,12.0,-0.313100010156631,1.0
InChI%3D1S%2FC6H10O%2Fc1-3-5-6%287%294-2%2Fh3-4%2C6-7H%2C1-2%2C5H2,3.0,1.20299994945526,6.0,30.7087001800537,1.0,2.0,1.34536802768707,0.0,7.0,17.0,6.0,2.00999999046326,0.0,1.15989995002747,0.0
InChI%3D1S%2FC6H5ClO%2Fc7-5-3-1-2-4-6%285%298%2Fh1-4%2C8H,0.0,1.92900002002716,0.0,,,7.0,,6.0,0.0,13.0,8.0,1.89999997615814,6.0,,0.0
InChI%3D1S%2FC7H9N%2Fc8-6-7-4-2-1-3-5-7%2Fh1-5H%2C6%2C8H2,1.0,0.526000022888184,0.0,38.6699981689453,,6.0,0.220430254936218,6.0,2.0,17.0,8.0,2.11999988555908,6.0,0.469500005245209,0.0
InChI%3D1S%2FC9H9N%2Fc1-7-6-10-9-5-3-2-4-8%287%299%2Fh2-6%2C10H%2C1H3,0.0,2.67400002479553,0.0,5.50209999084473,1.0,7.0,0.412164002656937,6.0,0.0,18.0,11.0,2.33999991416931,10.0,0.642000019550323,0.0
InChI%3D1S%2FC8H10N4O2%2Fc1-10-4-9-6-5%2810%297%2813%2912%283%298%2814%2911%286%292%2Fh4H%2C1-3H3,0.0,-1.36300003528595,0.0,48.9063987731934,,6.0,0.758466839790344,0.0,0.0,28.0,15.0,1.67999994754791,0.0,-0.870899975299835,0.0
InChI%3D1S%2FC9H10O3%2Fc1-6%2810%298-4-3-7%2812-2%295-9%288%2911%2Fh3-5%2C11H%2C1-2H3,3.0,,2.0,,,22.0,,10.0,4.0,53.0,35.0,3.10999989509583,11.0,,0.0
InChI%3D1S%2FC2H5ClO%2Fc3-1-2-4%2Fh4H%2C1-2H2,1.0,0.266000002622604,2.0,17.6046009063721,1.0,0.0,0.0943718403577805,0.0,4.0,9.0,3.0,1.46000003814697,0.0,0.307200014591217,0.0
InChI%3D1S%2FC8H5Br5%2Fc1-2-3-4%289%296%2811%298%2813%297%2812%295%283%2910%2Fh2H2%2C1H3,1.0,5.22599983215332,2.0,77.7572021484375,,6.0,14.2747955322266,6.0,2.0,18.0,13.0,1.78999996185303,6.0,3.77819991111755,1.0
InChI%3D1S%2FC6H2Cl4O%2Fc7-2-1-3%288%296%2811%295%2810%294%282%299%2Fh1%2C11H,0.0,3.04299998283386,0.0,,,7.0,,6.0,0.0,13.0,11.0,1.57000005245209,6.0,2.3150999546051,0.0
InChI%3D1S%2FC18H36O%2Fc1-2-3-4-5-6-7-8-9-10-11-12-13-14-15-16-17-18-19%2Fh9-10%2C19H%2C2-8%2C11-18H2%2C1H3,15.0,8.30099964141846,18.0,,,2.0,,0.0,19.0,55.0,18.0,3.32999992370605,0.0,,2.0
InChI%3D1S%2FC8H6ClNO3%2Fc1-5%2811%296-2-3-7%289%298%284-6%2910%2812%2913%2Fh2-4H%2C1H3,2.0,,2.0,,,11.0,,6.0,3.0,19.0,13.0,1.78999996185303,6.0,,0.0
InChI%3D1S%2FC7H8FN%2Fc1-9-7-4-2-6%288%293-5-7%2Fh2-5%2C9H%2C1H3,1.0,0.902999997138977,0.0,,,7.0,,6.0,2.0,17.0,9.0,2.00999999046326,6.0,,0.0
InChI%3D1S%2FC12H8ClNO3%2Fc13-9-5-7-10%288-6-9%2917-12-4-2-1-3-11%2812%2914%2815%2916%2Fh1-8H,3.0,,0.0,,,16.0,,12.0,3.0,25.0,18.0,2.23000001907349,12.0,,0.0
InChI%3D1S%2FC16H14%2Fc1-3-9-15%2810-4-1%2913-7-8-14-16-11-5-2-6-12-16%2Fh1-14H,3.0,5.30600023269653,4.0,80.1085968017578,,16.0,11.230541229248,12.0,4.0,30.0,17.0,3.22000002861023,12.0,3.35120010375977,1.0
InChI%3D1S%2FC7H5ClO%2Fc8-7-3-1-6%285-9%292-4-7%2Fh1-5H,1.0,2.54299998283386,0.0,,,8.0,,6.0,2.0,14.0,9.0,2.00999999046326,6.0,0.551900029182434,0.0
InChI%3D1S%2FC12H19N%2Fc1-8%282%2910-6-5-7-11%289%283%294%2912%2810%2913%2Fh5-9H%2C13H2%2C1-4H3,2.0,4.35500001907349,3.0,,,7.0,,6.0,3.0,32.0,13.0,2.67000007629395,6.0,,0.0
InChI%3D1S%2FC10H18O%2Fc1-9%282%298-4-6-10%283%2C11-9%297-5-8%2Fh8H%2C4-7H2%2C1-3H3,5.0,1.01400005817413,2.0,108.546997070312,0.0,6.0,0.028934009373188,6.0,3.0,53.0,32.0,2.67000007629395,6.0,0.170100003480911,0.0
InChI%3D1S%2FC7H14N2O2S%2Fc1-7%282%2C12-4%295-9-11-6%2810%298-3%2Fh5H%2C1-4H3%2C%28H%2C8%2C10%29,4.0,2.24900007247925,2.0,93.0886001586914,1.0,15.0,0.00527076004073024,6.0,3.0,44.0,28.0,2.33999991416931,6.0,0.0725999996066093,0.0
InChI%3D1S%2FC12H15NO3%2Fc1-12%282%297-8-5-4-6-9%2810%288%2916-12%2915-11%2814%2913-3%2Fh4-6H%2C7H2%2C1-3H3%2C%28H%2C13%2C14%29,2.0,2.06800007820129,0.0,35.3858985900879,,11.0,0.992812931537628,6.0,5.0,31.0,17.0,2.33999991416931,6.0,1.31060004234314,0.0
InChI%3D1S%2FC13H13NO%2Fc14-12-7-4-8-13%289-12%2915-10-11-5-2-1-3-6-11%2Fh1-9H%2C10%2C14H2,3.0,1.65600001811981,0.0,,,8.0,0.680955052375793,12.0,2.0,28.0,16.0,2.67000007629395,12.0,0.825200021266937,0.0
InChI%3D1S%2FC6H2Cl4O2%2Fc7-1-2%288%294%2810%296%2812%295%2811%293%281%299%2Fh11-12H,0.0,3.39100003242493,0.0,53.0316009521484,,8.0,3.06950402259827,6.0,0.0,14.0,12.0,1.46000003814697,6.0,1.75199997425079,0.0
InChI%3D1S%2FC6H2F5N%2Fc7-1-2%288%294%2810%296%2812%295%2811%293%281%299%2Fh12H2,0.0,0.903999984264374,0.0,,,7.0,0.0596824884414673,6.0,0.0,14.0,12.0,1.46000003814697,6.0,-0.244299992918968,0.0
InChI%3D1S%2FC14H18O4%2Fc1-3-17-13%2815%2912%2814%2816%2918-4-2%2910-11-8-6-5-7-9-11%2Fh5-9%2C12H%2C3-4%2C10H2%2C1-2H3,3.0,2.83899998664856,0.0,72.2481994628906,,3.0,7.74341917037964,0.0,3.0,48.0,22.0,2.55999994277954,0.0,-2.7827000617981,0.0
InChI%3D1S%2FC15H10O2%2Fc16-13-10-15%2811-6-2-1-3-7-11%2917-14-9-5-4-8-12%2813%2914%2Fh1-10H,1.0,5.30000019073486,0.0,16.5363006591797,,17.0,0.253612965345383,12.0,0.0,27.0,19.0,2.89000010490417,12.0,-0.503600001335144,1.0
InChI%3D1S%2FC8H18S2%2Fc1-3-9-7-5-6-8-10-4-2%2Fh3-8H2%2C1-2H3,7.0,3.71399998664856,4.0,50.815601348877,0.0,0.0,1.77902245521545,0.0,10.0,28.0,9.0,2.11999988555908,0.0,1.33379995822906,0.0
InChI%3D1S%2FC14H14S2%2Fc1-11-3-7-13%288-4-11%2915-16-14-9-5-12%282%296-10-14%2Fh3-10H%2C1-2H3,7.0,2.69300007820129,3.0,85.5746994018555,,9.0,0.606062233448029,6.0,7.0,42.0,24.0,2.23000001907349,6.0,0.778500020503998,0.0
InChI%3D1S%2FC8H4F3N%2Fc9-8%2810%2C11%297-3-1-2-6%284-7%295-12%2Fh1-4H,1.0,1.54799997806549,0.0,41.1487998962402,,8.0,4.60102510452271,6.0,3.0,16.0,12.0,1.89999997615814,6.0,2.14499998092651,0.0
InChI%3D1S%2FC8H6Br4%2Fc9-7%2810%295-3-1-2-4-6%285%298%2811%2912%2Fh1-4%2C7-8H,13.0,4.03299999237061,6.0,139.38020324707,,8.0,0.685087263584137,12.0,13.0,71.0,34.0,3.76999998092651,12.0,0.827700018882751,1.0
InChI%3D1S%2FC7H7NO%2Fc1-6%289%297-2-4-8-5-3-7%2Fh2-5H%2C1H3,1.0,0.90200001001358,2.0,,,8.0,,6.0,3.0,16.0,9.0,2.00999999046326,6.0,,0.0
InChI%3D1S%2FC12H17NO2%2Fc1-12%282%2C3%299-5-7-10%288-6-9%2915-11%2814%2913-4%2Fh5-8H%2C1-4H3%2C%28H%2C13%2C14%29,3.0,3.13299989700317,0.0,,,10.0,,6.0,5.0,32.0,15.0,2.45000004768372,6.0,,0.0
InChI%3D1S%2FC11H15NO%2Fc1-11%282%2C3%299-6-4-8%285-7-9%2910%2812%2913%2Fh4-7H%2C1-3H3%2C%28H2%2C12%2C13%29,8.0,0.800000011920929,2.0,115.262802124023,,6.0,5.01177787780762,12.0,6.0,53.0,28.0,3.22000002861023,12.0,2.2386999130249,0.0
InChI%3D1S%2FC8H11N%2Fc1-3-8-5-4-7%282%299-6-8%2Fh4-6H%2C3H2%2C1-2H3,8.0,,4.0,,,13.0,,6.0,7.0,39.0,23.0,1.78999996185303,6.0,,0.0
InChI%3D1S%2FC4H9Br%2Fc1-2-3-4-5%2Fh2-4H2%2C1H3,3.0,2.57299995422363,0.0,25.0331993103027,0.0,21.0,0.141150489449501,18.0,3.0,35.0,25.0,2.89000010490417,18.0,0.375699996948242,0.0
InChI%3D1S%2FC12H21N2O3PS%2Fc1-6-15-18%2819%2C16-7-2%2917-11-8-10%285%2913-12%2814-11%299%283%294%2Fh8-9H%2C6-7H2%2C1-5H3,7.0,3.07500004768372,2.0,81.5680999755859,,11.0,4.06869220733643,6.0,9.0,40.0,19.0,2.00999999046326,6.0,2.0171000957489,0.0
InChI%3D1S%2FC7H5F4N%2Fc8-4-1-2-6%2812%295%283-4%297%289%2C10%2911%2Fh1-3H%2C12H2,2.0,1.64900004863739,0.0,,,6.0,,6.0,0.0,34.0,21.0,2.67000007629395,6.0,,0.0
InChI%3D1S%2FC6H5ClO%2Fc7-5-1-3-6%288%294-2-5%2Fh1-4%2C8H,7.0,2.80299997329712,3.0,148.175994873047,,19.0,5.28953981399536,22.0,6.0,64.0,38.0,4.09999990463257,23.0,2.29990005493164,0.0
InChI%3D1S%2FC8H14O%2Fc1-3-5-6-7-8%289%294-2%2Fh2%2C8-9H%2C3%2C5-7H2%2C1H3,4.0,2.35999989509583,8.0,31.2717990875244,1.0,2.0,0.716562271118164,0.0,9.0,23.0,8.0,2.23000001907349,0.0,-0.846499979496002,0.0
InChI%3D1S%2FC5H10Cl2%2Fc6-4-2-1-3-5-7%2Fh1-5H2,4.0,2.81399989128113,5.0,29.3903999328613,0.0,0.0,0.419644832611084,0.0,7.0,17.0,6.0,1.78999996185303,0.0,0.647800028324127,0.0
InChI%3D1S%2FC7H4ClNO3%2Fc8-7-2-1-6%289%2811%2912%293-5%287%294-10%2Fh1-4H,2.0,,0.0,,,11.0,,6.0,2.0,16.0,12.0,1.67999994754791,6.0,,0.0
InChI%3D1S%2FC7H6O3%2Fc8-4-5-1-2-6%289%293-7%285%2910%2Fh1-4%2C9-10H,1.0,0.949999988079071,0.0,,,10.0,,6.0,2.0,16.0,10.0,1.89999997615814,6.0,,0.0
InChI%3D1S%2FC6H4ClNO2%2Fc7-5-2-1-3-6%284-5%298%289%2910%2Fh1-4H,1.0,,0.0,,,9.0,,6.0,3.0,14.0,10.0,1.67999994754791,6.0,,0.0
InChI%3D1S%2FC8H11N%2Fc1-9%282%298-6-4-3-5-7-8%2Fh3-7H%2C1-2H3,1.0,1.56099998950958,0.0,44.5749015808105,,7.0,1.37921535968781,6.0,3.0,20.0,9.0,2.23000001907349,6.0,1.17439997196198,0.0
InChI%3D1S%2FC7H6N2O5%2Fc1-4-2-5%288%2811%2912%293-6%287%284%2910%299%2813%2914%2Fh2-3%2C10H%2C1H3,3.0,1.54100000858307,3.0,,,7.0,,6.0,6.0,22.0,13.0,2.00999999046326,6.0,,0.0
InChI%3D1S%2FC6H12O3%2Fc1-6%282%298-4-5%283-7%299-6%2Fh5%2C7H%2C3-4H2%2C1-2H3,1.0,-0.0379999987781048,0.0,32.7230987548828,1.0,0.0,0.453063607215881,0.0,1.0,21.0,9.0,1.78999996185303,0.0,-0.673099994659424,0.0
InChI%3D1S%2FC13H6Cl6O2%2Fc14-6-2-8%2816%2912%2820%294%2810%286%2918%291-5-11%2819%297%2815%293-9%2817%2913%285%2921%2Fh2-3%2C20-21H%2C1H2,2.0,4.57499980926514,0.0,43.4238014221191,,7.0,16.0112018585205,12.0,0.0,27.0,22.0,2.00999999046326,12.0,3.95779991149902,0.0
InChI%3D1S%2FC6H7N%2Fc1-6-4-2-3-5-7-6%2Fh2-5H%2C1H3,0.0,1.89699995517731,0.0,,,6.0,,6.0,0.0,14.0,7.0,2.00999999046326,6.0,0.439500004053116,0.0
InChI%3D1S%2FC10H14O%2Fc11-10-8-2-6-1-7%284-8%295-9%2810%293-6%2Fh6-9H%2C1-5H2,0.0,1.84200000762939,0.0,42.521800994873,0.0,2.0,0.728291571140289,0.0,0.0,25.0,13.0,2.45000004768372,0.0,-0.853399991989136,0.0
InChI%3D1S%2FC9H13N%2Fc1-10%282%298-9-6-4-3-5-7-9%2Fh3-7H%2C8H2%2C1-2H3,2.0,1.15499997138977,0.0,,,6.0,,6.0,4.0,23.0,10.0,2.33999991416931,6.0,1.4371999502182,0.0
InChI%3D1S%2FC6H13NO2%2Fc8-4-1-7-2-5-9-6-3-7%2Fh8H%2C1-6H2,2.0,-1.0460000038147,2.0,35.3549003601074,1.0,0.0,0.282598555088043,0.0,3.0,22.0,9.0,1.78999996185303,0.0,-0.531599998474121,0.0
InChI%3D1S%2FC12H20O4%2Fc1-3-5-9-15-11%2813%297-8-12%2814%2916-10-6-4-2%2Fh7-8H%2C3-6%2C9-10H2%2C1-2H3,7.0,2.69300007820129,3.0,55.6199989318848,0.0,9.0,0.910116016864777,6.0,7.0,42.0,24.0,2.23000001907349,6.0,-0.953999996185303,0.0
InChI%3D1S%2FC6H5ClN2O2%2Fc7-5-3-4%289%2810%2911%291-2-6%285%298%2Fh1-3H%2C8H2,1.0,1.74899995326996,0.0,,,10.0,,6.0,3.0,16.0,11.0,1.57000005245209,6.0,,0.0
InChI%3D1S%2FC10H10O%2Fc1-3-10%282%2C11%299-7-5-4-6-8-9%2Fh1%2C4-8%2C11H%2C2H3,0.0,1.50800001621246,0.0,48.9101982116699,,0.0,3.08353590965271,0.0,0.0,36.0,16.0,2.55999994277954,0.0,-1.75600004196167,0.0
InChI%3D1S%2FC10H12N3O3PS2%2Fc1-15-17%2818%2C16-2%2919-7-13-10%2814%298-5-3-4-6-9%288%2911-12-13%2Fh3-6H%2C7H2%2C1-2H3,5.0,2.81699991226196,0.0,53.2258987426758,,11.0,1.83521211147308,6.0,8.0,31.0,20.0,1.57000005245209,6.0,1.35469996929169,0.0
InChI%3D1S%2FC9H11Cl3NO3PS%2Fc1-3-14-17%2818%2C15-4-2%2916-9-7%2811%295-6%2810%298%2812%2913-9%2Fh5H%2C3-4H2%2C1-2H3,6.0,4.21600008010864,2.0,56.3139991760254,,11.0,12.4474897384644,6.0,9.0,29.0,18.0,1.46000003814697,6.0,3.52810001373291,0.0
InChI%3D1S%2FC6H10Cl2%2Fc7-5-3-1-2-4-6%285%298%2Fh5-6H%2C1-4H2,0.0,2.71000003814697,0.0,40.3881988525391,0.0,0.0,4.58302450180054,0.0,0.0,18.0,8.0,1.89999997615814,0.0,0.235799998044968,0.0
InChI%3D1S%2FC12H10%2Fc1-3-9-4-2-6-11-8-7-10%285-1%2912%289%2911%2Fh1-6H%2C7-8H2,0.0,6.24399995803833,0.0,9.73079967498779,,10.0,0.0155750401318073,10.0,0.0,22.0,14.0,2.77999997138977,11.0,0.124799996614456,1.0
InChI%3D1S%2FC8H6ClNO4%2Fc1-14-8%2811%296-3-2-5%289%294-7%286%2910%2812%2913%2Fh2-4H%2C1H3,5.0,2.9449999332428,3.0,86.4591979980469,,4.0,14.1676959991455,0.0,4.0,46.0,23.0,3.22000002861023,0.0,3.76399993896484,0.0
InChI%3D1S%2FC7H7F%2Fc1-6-4-2-3-5-7%286%298%2Fh2-5H%2C1H3,0.0,3.07800006866455,0.0,6.37459993362427,,6.0,1.25821089744568,6.0,0.0,15.0,8.0,2.11999988555908,6.0,1.12170004844666,0.0
InChI%3D1S%2FC11H16%2Fc1-2-3-5-8-11-9-6-4-7-10-11%2Fh4%2C6-7%2C9-10H%2C2-3%2C5%2C8H2%2C1H3,4.0,4.64499998092651,5.0,,,6.0,0.209306254982948,6.0,5.0,27.0,11.0,2.67000007629395,6.0,0.457500010728836,0.0
InChI%3D1S%2FC10H18%2Fc1-3-5-7-9-10-8-6-4-2%2Fh3-4H%2C1-2%2C5-10H2,7.0,5.2979998588562,10.0,40.8443984985352,0.0,2.0,0.599385619163513,0.0,10.0,28.0,9.0,2.55999994277954,0.0,0.774200022220612,1.0
InChI%3D1S%2FC8H9NO%2Fc1-6%2810%297-3-2-4-8%289%295-7%2Fh2-5H%2C9H2%2C1H3,1.0,1.26800000667572,0.0,,,9.0,,6.0,2.0,19.0,10.0,2.11999988555908,6.0,-1.00380003452301,0.0
InChI%3D1S%2FC6H12O%2Fc1-2-3-4-5-6-7%2Fh3-4%2C7H%2C2%2C5-6H2%2C1H3,0.0,1.48500001430511,0.0,82.7920989990234,1.0,13.0,0.528819859027863,12.0,0.0,33.0,22.0,2.89000010490417,12.0,0.727199971675873,0.0
InChI%3D1S%2FC25H22ClNO3%2Fc1-17%282%2924%2818-11-13-20%2826%2914-12-18%2925%2828%2930-23%2816-27%2919-7-6-10-22%2815-19%2929-21-8-4-3-5-9-21%2Fh3-15%2C17%2C23-24H%2C1-2H3,3.0,0.982999980449677,3.0,69.1834030151367,,14.0,0.367599695920944,6.0,3.0,34.0,20.0,2.23000001907349,6.0,-0.606299996376038,0.0
InChI%3D1S%2FC21H20Cl2O3%2Fc1-21%282%2917%2812-18%2822%2923%2919%2821%2920%2824%2925-13-14-7-6-10-16%2811-14%2926-15-8-4-3-5-9-15%2Fh3-12%2C17%2C19H%2C13H2%2C1-2H3,7.0,7.31300020217896,2.0,44.5610008239746,,13.0,3.43472099304199,12.0,4.0,46.0,28.0,3.22000002861023,12.0,1.8532999753952,1.0
InChI%3D1S%2FC3H5Cl3%2Fc4-1-3%286%292-5%2Fh3H%2C1-2H2,2.0,2.37899994850159,3.0,29.6690998077393,0.0,0.0,4.8651123046875,0.0,6.0,11.0,5.0,1.46000003814697,0.0,2.2056999206543,0.0
InChI%3D1S%2FC6H3Cl3O%2Fc7-3-1-4%288%296%2810%295%289%292-3%2Fh1-2%2C10H,0.0,2.12100005149841,0.0,46.7098999023438,,7.0,3.14211082458496,6.0,0.0,13.0,10.0,1.67999994754791,6.0,1.77260005474091,0.0
InChI%3D1S%2FC9H7NO2%2Fc1-12-9%2811%298-4-2-7%286-10%293-5-8%2Fh2-5H%2C1H3,2.0,1.70200002193451,0.0,,,11.0,,6.0,4.0,19.0,12.0,2.11999988555908,6.0,,0.0
InChI%3D1S%2FC8H6Cl2O%2Fc1-5%2811%297-3-2-6%289%294-8%287%2910%2Fh2-4H%2C1H3,1.0,1.76499998569489,2.0,49.9384994506836,,8.0,2.86049580574036,6.0,3.0,17.0,11.0,2.00999999046326,6.0,1.69130003452301,0.0
InChI%3D1S%2FC14H14OS%2Fc15-16%2811-13-7-3-1-4-8-13%2912-14-9-5-2-6-10-14%2Fh1-10H%2C11-12H2,3.0,1.72000002861023,2.0,88.1171035766602,,14.0,9.43226909637451,0.0,2.0,45.0,27.0,2.45000004768372,0.0,-3.07119989395142,0.0
InChI%3D1S%2FC9H10O3%2Fc1-2-12-9%2811%297-5-3-4-6-8%287%2910%2Fh3-6%2C10H%2C2H2%2C1H3,1.0,-0.958999991416931,0.0,31.4822998046875,,9.0,1.80983209609985,6.0,3.0,14.0,9.0,1.57000005245209,6.0,-1.34529995918274,0.0
InChI%3D1S%2FC5H4ClNO%2Fc6-5-4%288%292-1-3-7-5%2Fh1-3%2C8H,2.0,3.79500007629395,3.0,137.143600463867,,8.0,8.86669731140137,6.0,3.0,65.0,36.0,4.32000017166138,6.0,2.97769999504089,0.0
InChI%3D1S%2FC2H8N2%2Fc3-1-2-4%2Fh1-4H2,1.0,-1.34200000762939,2.0,17.8686008453369,2.0,0.0,2.18034744262695,0.0,4.0,12.0,3.0,1.46000003814697,0.0,-1.47660005092621,0.0
InChI%3D1S%2FC8H10O%2Fc1-2-7-3-5-8%289%296-4-7%2Fh3-6%2C9H%2C2H2%2C1H3,2.0,-0.551999986171722,2.0,24.5312995910645,,4.0,0.254722088575363,0.0,7.0,13.0,6.0,1.12999999523163,0.0,-0.504700005054474,0.0
InChI%3D1S%2FC13H11NO3%2Fc14-9-6-7-11%2812%2815%298-9%2913%2816%2917-10-4-2-1-3-5-10%2Fh1-8%2C15H%2C14H2,3.0,1.42200005054474,0.0,,,17.0,,12.0,3.0,28.0,18.0,2.45000004768372,12.0,,0.0
InChI%3D1S%2FC2H5NO%2Fc1-2-3-4%2Fh2%2C4H%2C1H3,3.0,0.601999998092651,2.0,62.1375999450684,1.0,6.0,0.0197121594101191,6.0,8.0,26.0,15.0,2.00999999046326,6.0,-0.140400007367134,0.0
InChI%3D1S%2FC13H10O%2Fc14-13%2811-7-3-1-4-8-11%2912-9-5-2-6-10-12%2Fh1-10H,2.0,2.26600003242493,0.0,64.8173980712891,,14.0,4.6302433013916,12.0,2.0,24.0,15.0,2.77999997138977,12.0,2.15179991722107,0.0
InChI%3D1S%2FC8H9NO2%2Fc1-6%2810%299-7-2-4-8%2811%295-3-7%2Fh2-5%2C11H%2C1H3%2C%28H%2C9%2C10%29,3.0,1.16400003433228,0.0,73.5404968261719,,14.0,0.00283023994415998,6.0,2.0,37.0,21.0,2.33999991416931,6.0,-0.0531999990344048,0.0
InChI%3D1S%2FC7H10N2%2Fc8-5-4-7-3-1-2-6-9-7%2Fh1-3%2C6H%2C4-5%2C8H2,2.0,1.05599999427795,2.0,,,6.0,,6.0,3.0,19.0,9.0,2.00999999046326,6.0,,0.0
InChI%3D1S%2FC10H19O6PS2%2Fc1-5-15-9%2811%297-8%2810%2812%2916-6-2%2919-17%2818%2C13-3%2914-4%2Fh8H%2C5-7H2%2C1-4H3,9.0,3.57399988174438,0.0,128.083099365234,0.0,9.0,5.12569618225098,12.0,7.0,62.0,33.0,3.32999992370605,12.0,2.26399993896484,0.0
InChI%3D1S%2FC7H7NO2.ClH%2Fc9-7%2810%296-8-4-2-1-3-5-8%3B%2Fh1-5H%2C6H2%3B1H,4.0,3.4779999256134,3.0,102.099197387695,2.0,13.0,3.92713499069214,12.0,6.0,47.0,24.0,3.10999989509583,12.0,1.98169994354248,0.0
InChI%3D1S%2FC4H8Cl2%2Fc5-3-1-2-4-6%2Fh1-4H2,3.0,2.45600008964539,4.0,26.4787998199463,0.0,0.0,0.875721633434296,0.0,6.0,14.0,5.0,1.67999994754791,0.0,0.935800015926361,0.0
InChI%3D1S%2FC7H8O%2Fc1-6-4-2-3-5-7%286%298%2Fh2-5%2C8H%2C1H3,0.0,1.12699997425079,0.0,36.8432998657227,,7.0,1.65559685230255,6.0,0.0,16.0,8.0,2.11999988555908,6.0,1.28670001029968,0.0
InChI%3D1S%2FC7H5NO3%2Fc9-5-6-3-1-2-4-7%286%298%2810%2911%2Fh1-5H,2.0,2.54500007629395,0.0,,,11.0,,6.0,2.0,16.0,11.0,1.78999996185303,6.0,,0.0
InChI%3D1S%2FC8H8O%2Fc1-2-4-8-7%283-1%295-6-9-8%2Fh1-4H%2C5-6H2,0.0,1.067999958992,0.0,39.8465003967285,,7.0,0.764050781726837,6.0,0.0,17.0,10.0,2.23000001907349,6.0,0.874100029468536,0.0
InChI%3D1S%2FC7H8O2%2Fc1-9-7-4-2-6%288%293-5-7%2Fh2-5%2C8H%2C1H3,8.0,3.77699995040894,4.0,147.555892944336,,6.0,4.72845029830933,18.0,8.0,67.0,37.0,4.09999990463257,18.0,2.17449998855591,0.0
InChI%3D1S%2FC6H5ClO2%2Fc7-4-1-2-5%288%296%289%293-4%2Fh1-3%2C8-9H,0.0,1.39499998092651,0.0,10.7447996139526,,8.0,0.0310816895216703,6.0,0.0,14.0,9.0,1.78999996185303,6.0,-0.176300004124641,0.0
InChI%3D1S%2FC3H6Br2%2Fc4-2-1-3-5%2Fh1-3H2,2.0,2.7739999294281,3.0,29.534200668335,0.0,0.0,2.28856372833252,0.0,5.0,11.0,4.0,1.57000005245209,0.0,1.51279997825623,0.0
InChI%3D1S%2FC9H14O3%2Fc1-7%282%299%2810%2912-6-8-4-3-5-11-8%2Fh8H%2C1%2C3-6H2%2C2H3,4.0,1.06700003147125,3.0,40.9855003356934,0.0,5.0,0.0933302491903305,0.0,7.0,26.0,12.0,2.11999988555908,0.0,0.305500000715256,0.0
InChI%3D1S%2FC17H18O2%2Fc1-17%282%2C3%2914-7-9-15%2810-8-14%2919-16-6-4-5-13%2811-16%2912-18%2Fh4-12H%2C1-3H3,9.0,3.72699999809265,2.0,,,12.0,,12.0,8.0,48.0,30.0,2.67000007629395,12.0,2.73810005187988,0.0
InChI%3D1S%2FC6H6ClN%2Fc1-5-3-2-4-6%287%298-5%2Fh2-4H%2C1H3,8.0,,3.0,,,14.0,,6.0,7.0,41.0,24.0,1.67999994754791,6.0,,0.0
InChI%3D1S%2FC8H18S%2Fc1-3-5-7-9-8-6-4-2%2Fh3-8H2%2C1-2H3,6.0,3.88100004196167,4.0,40.6617012023926,0.0,0.0,0.189747363328934,0.0,9.0,27.0,8.0,2.23000001907349,0.0,-0.435600012540817,0.0
InChI%3D1S%2FC10H12N2.ClH%2Fc1-2-4-9%285-3-1%298-10-11-6-7-12-10%3B%2Fh1-5H%2C6-8H2%2C%28H%2C11%2C12%29%3B1H,2.0,3.64199995994568,0.0,,,6.0,,6.0,0.0,26.0,13.0,2.23000001907349,6.0,-0.642799973487854,0.0
InChI%3D1S%2FC7H15NO%2Fc1-6%287%282%299%295-8%283%294%2Fh6H%2C5H2%2C1-4H3,3.0,0.160999998450279,4.0,39.128101348877,0.0,1.0,0.0730620920658112,0.0,9.0,24.0,8.0,2.00999999046326,0.0,0.270300000905991,0.0
InChI%3D1S%2FC10H17N%2Fc11-10-4-7-1-8%285-10%293-9%282-7%296-10%2Fh7-9H%2C1-6%2C11H2,2.0,1.43900001049042,0.0,61.2163009643555,1.0,10.0,0.401195555925369,6.0,4.0,21.0,14.0,1.78999996185303,6.0,0.633400022983551,0.0
InChI%3D1S%2FC9H13N%2Fc1-2-10-8-9-6-4-3-5-7-9%2Fh3-7%2C10H%2C2%2C8H2%2C1H3,3.0,3.15499997138977,2.0,18.0027008056641,,6.0,0.00314720999449492,6.0,4.0,23.0,10.0,2.33999991416931,6.0,-0.0560999996960163,0.0
InChI%3D1S%2FC7H8O2%2Fc1-9-7-4-2-3-6%288%295-7%2Fh2-5%2C8H%2C1H3,2.0,3.37700009346008,3.0,22.62619972229,,0.0,3.69908285140991,0.0,8.0,11.0,7.0,1.24000000953674,0.0,1.92330002784729,0.0
InChI%3D1S%2FC11H13NO%2Fc1-12%282%2911-7-5-10%286-8-11%294-3-9-13%2Fh3-9H%2C1-2H3,3.0,2.52900004386902,3.0,,,11.0,,6.0,4.0,26.0,13.0,2.45000004768372,6.0,0.386500000953674,0.0
InChI%3D1S%2FC13H10ClNO%2Fc14-10-7-5-9%286-8-10%2913%2816%2911-3-1-2-4-12%2811%2915%2Fh1-8H%2C15H2,2.0,4.11700010299683,0.0,,,15.0,,12.0,1.0,26.0,17.0,2.55999994277954,12.0,-0.269400000572205,0.0
InChI%3D1S%2FC8H11NO%2Fc10-6-2-4-8-3-1-5-9-7-8%2Fh1%2C3%2C5%2C7%2C10H%2C2%2C4%2C6H2,5.0,1.5809999704361,4.0,,,8.0,,0.0,5.0,32.0,15.0,2.23000001907349,0.0,-2.20239996910095,0.0
InChI%3D1S%2FC20H28O2%2Fc1-13%282%2914-6-8-16-15%2812-14%297-9-17-19%2816%2C3%2910-5-11-20%2817%2C4%2918%2821%2922%2Fh6%2C8%2C12-13%2C17H%2C5%2C7%2C9-11H2%2C1-4H3%2C%28H%2C21%2C22%29,1.0,1.90400004386902,0.0,67.9713973999023,,13.0,4.63153457641602,6.0,0.0,21.0,17.0,1.67999994754791,6.0,2.15210008621216,0.0
InChI%3D1S%2FC7H4Cl4%2Fc8-4-2-1-3-5%289%296%284%297%2810%2911%2Fh1-3%2C7H,1.0,2.80200004577637,0.0,54.5499992370605,,6.0,9.88976669311523,6.0,2.0,15.0,11.0,1.78999996185303,6.0,3.14479994773865,0.0
InChI%3D1S%2FC6H5NO3%2Fc8-6-4-2-1-3-5%286%297%289%2910%2Fh1-4%2C8H,7.0,0.774999976158142,3.0,129.882797241211,,11.0,2.62861371040344,12.0,5.0,62.0,35.0,2.77999997138977,12.0,-1.62129998207092,0.0
InChI%3D1S%2FC10H22S2%2Fc1-3-7-11-9-5-6-10-12-8-4-2%2Fh3-10H2%2C1-2H3,6.0,4.79199981689453,0.0,93.7656021118164,0.0,18.0,2.46866941452026,12.0,8.0,42.0,23.0,2.77999997138977,12.0,1.57120001316071,0.0
InChI%3D1S%2FCHI3%2Fc2-1%283%294%2Fh1H,0.0,3.68799996376038,0.0,45.6068992614746,0.0,0.0,0.51609855890274,0.0,4.0,5.0,3.0,1.24000000953674,0.0,0.718400001525879,0.0
InChI%3D1S%2FC10H11BrO3%2Fc1-13-7-3-4-10%2814-2%298%285-7%299%2812%296-11%2Fh3-5H%2C6H2%2C1-2H3,6.0,0.0820000022649765,2.0,,,6.0,,6.0,3.0,52.0,29.0,2.67000007629395,6.0,,0.0
InChI%3D1S%2FC8H7NO4%2Fc1-13-8%2810%296-2-4-7%285-3-6%299%2811%2912%2Fh2-5H%2C1H3,5.0,3.3289999961853,3.0,101.755798339844,,13.0,6.14494514465332,12.0,6.0,43.0,26.0,2.77999997138977,12.0,2.47889995574951,0.0
InChI%3D1S%2FC11H15NO%2Fc1-3-12%284-2%2911-7-5-10%289-13%296-8-11%2Fh5-9H%2C3-4H2%2C1-2H3,4.0,2.89199995994568,0.0,,,9.0,,6.0,5.0,28.0,13.0,2.45000004768372,6.0,,0.0
InChI%3D1S%2FC7H10%2Fc1-2-7-4-3-6%281%295-7%2Fh1-2%2C6-7H%2C3-5H2,4.0,1.01600003242493,2.0,96.0779037475586,0.0,11.0,0.591053426265717,10.0,2.0,48.0,27.0,3.22000002861023,11.0,-0.768800020217896,0.0
InChI%3D1S%2FC7H15Br%2Fc1-2-3-4-5-6-7-8%2Fh2-7H2%2C1H3,0.0,-1.06700003147125,0.0,33.7680015563965,0.0,9.0,0.23843689262867,6.0,0.0,16.0,11.0,1.46000003814697,6.0,-1.40059995651245,0.0
InChI%3D1S%2FC10H10O2%2Fc1-8%2811%297-10%2812%299-5-3-2-4-6-9%2Fh2-6H%2C7H2%2C1H3,0.0,2.16199994087219,0.0,91.2071990966797,,7.0,5.48730611801147,12.0,0.0,40.0,23.0,3.22000002861023,12.0,2.34249997138977,0.0
InChI%3D1S%2FC10H14N2.H2O4S%2Fc1-12-7-3-5-10%2812%299-4-2-6-11-8-9%3B1-5%282%2C3%294%2Fh2%2C4%2C6%2C8%2C10H%2C3%2C5%2C7H2%2C1H3%3B%28H2%2C1%2C2%2C3%2C4%29,1.0,-0.279000014066696,0.0,,,6.0,,6.0,5.0,33.0,17.0,1.78999996185303,6.0,-1.1570999622345,0.0
InChI%3D1S%2FC14H11N%2Fc1-2-15-13-9-5-3-7-11%2813%2912-8-4-6-10-14%2812%2915%2Fh2-10H%2C1H2,4.0,,2.0,,,17.0,,6.0,3.0,53.0,30.0,3.10999989509583,6.0,,0.0
InChI%3D1S%2FC12H10O2%2Fc13-10-6-8-12%289-7-10%2914-11-4-2-1-3-5-11%2Fh1-9%2C13H,3.0,-0.177000001072884,2.0,,,6.0,,6.0,5.0,25.0,11.0,2.23000001907349,6.0,-0.0886000022292137,0.0
InChI%3D1S%2FC6HCl5O%2Fc7-1-2%288%294%2810%296%2812%295%2811%293%281%299%2Fh12H,0.0,3.61999988555908,0.0,56.1422996520996,,7.0,7.20278263092041,6.0,0.0,13.0,12.0,1.46000003814697,6.0,2.68379998207092,0.0
InChI%3D1S%2FC4H3BrS%2Fc5-4-1-2-6-3-4%2Fh1-3H,0.0,2.30599999427795,0.0,32.1264991760254,0.0,0.0,1.35536158084869,0.0,0.0,13.0,6.0,1.67999994754791,0.0,1.16419994831085,0.0
InChI%3D1S%2FC7H8N2O%2Fc8-6-4-2-1-3-5%286%297%289%2910%2Fh1-4H%2C8H2%2C%28H2%2C9%2C10%29,1.0,2.04900002479553,0.0,,,10.0,,6.0,3.0,18.0,10.0,1.89999997615814,6.0,,0.0
InChI%3D1S%2FC7H7NO2%2Fc8-7%2810%295-3-1-2-4-6%285%299%2Fh1-4%2C9H%2C%28H2%2C8%2C10%29,1.0,2.1159999370575,0.0,11.0410003662109,,10.0,0.293655604124069,6.0,3.0,17.0,10.0,1.89999997615814,6.0,-0.541899979114532,0.0
InChI%3D1S%2FC6H14N2O%2Fc9-6-5-8-3-1-7-2-4-8%2Fh7%2C9H%2C1-6H2,5.0,0.685000002384186,2.0,37.0358009338379,2.0,7.0,0.636644423007965,6.0,5.0,43.0,26.0,2.33999991416931,6.0,-0.797900021076202,0.0
InChI%3D1S%2FC10H6N2O5.Na.2H2O%2Fc13-10-7-4-2-1-3-6%287%298%2811%2814%2915%295-9%2810%2912%2816%2917%3B%3B%3B%2Fh1-5%2C13H%3B%3B2%2A1H2%2Fq%3B%2B1%3B%3B%2Fp-1,2.0,,0.0,,,17.0,,10.0,3.0,29.0,18.0,1.46000003814697,11.0,,
InChI%3D1S%2FC16H22O4%2Fc1-3-5-11-19-15%2817%2913-7-9-14%2810-8-13%2916%2818%2920-12-6-4-2%2Fh7-10H%2C3-6%2C11-12H2%2C1-2H3,10.0,3.22399997711182,4.0,73.9672012329102,,12.0,0.0384944416582584,6.0,7.0,42.0,20.0,2.77999997138977,6.0,-0.196199998259544,0.0
InChI%3D1S%2FC7H5BrO2%2Fc8-6-1-2-7%2810%295%283-6%294-9%2Fh1-4%2C10H,1.0,2.34699988365173,0.0,,,9.0,,6.0,2.0,15.0,10.0,1.89999997615814,6.0,,0.0
InChI%3D1S%2FC12H10S2%2Fc1-3-7-11%288-4-1%2913-14-12-9-5-2-6-10-12%2Fh1-10H,3.0,2.39199995994568,0.0,,,6.0,,12.0,2.0,24.0,15.0,2.55999994277954,12.0,3.09439992904663,0.0
InChI%3D1S%2FC6H12O%2Fc1-3-5-6%287%294-2%2Fh4%2C6-7H%2C2-3%2C5H2%2C1H3,3.0,1.56900000572205,6.0,27.831600189209,1.0,2.0,0.107518412172794,0.0,7.0,19.0,6.0,2.00999999046326,0.0,-0.327899992465973,0.0
InChI%3D1S%2FC13H11NO%2Fc15-11-14%2812-7-3-1-4-8-12%2913-9-5-2-6-10-13%2Fh1-11H,3.0,4.7020001411438,0.0,,,15.0,,12.0,3.0,26.0,16.0,2.67000007629395,12.0,-0.703700006008148,0.0
InChI%3D1S%2FC6H6N2O2%2Fc7-5-1-3-6%284-2-5%298%289%2910%2Fh1-4H%2C7H2,1.0,1.65299999713898,0.0,7.10790014266968,,10.0,0.634412229061127,6.0,2.0,16.0,10.0,1.67999994754791,6.0,-0.796500027179718,0.0
InChI%3D1S%2FC7H4ClNS2%2Fc8-4-1-2-6-5%283-4%299-7%2810%2911-6%2Fh1-3H%2C%28H%2C9%2C10%29,7.0,0.953999996185303,3.0,74.4692993164062,,13.0,0.749090254306793,6.0,10.0,38.0,19.0,2.23000001907349,6.0,-0.865499973297119,0.0
InChI%3D1S%2FC6H11BrO%2Fc7-5-6-3-1-2-4-8-6%2Fh6H%2C1-5H2,1.0,2.0239999294281,0.0,31.7752990722656,0.0,0.0,0.0244922507554293,0.0,1.0,19.0,8.0,1.89999997615814,0.0,-0.156499996781349,0.0
InChI%3D1S%2FC4H12N.ClH%2Fc1-5%282%2C3%294%3B%2Fh1-4H3%3B1H%2Fq%2B1%3B%2Fp-1,0.0,0.38400000333786,0.0,,0.0,0.0,,0.0,5.0,18.0,4.0,1.67999994754791,0.0,,0.0
InChI%3D1S%2FC7H13N3O3S%2Fc1-8-7%2812%2913-9-5%2814-4%296%2811%2910%282%293%2Fh1-4H3%2C%28H%2C8%2C12%29,2.0,-1.71599996089935,0.0,38.8917999267578,1.0,10.0,2.91487336158752,6.0,4.0,17.0,10.0,1.67999994754791,6.0,-1.70729994773865,0.0
InChI%3D1S%2FC9H11NO2%2Fc1-2-12-9%2811%297-3-5-8%2810%296-4-7%2Fh3-6H%2C2%2C10H2%2C1H3,8.0,1.71300005912781,9.0,38.0950012207031,,3.0,3.42249989509583,0.0,13.0,29.0,12.0,2.00999999046326,0.0,-1.85000002384186,0.0
InChI%3D1S%2FC11H15NO2%2Fc1-3-12%284-2%2910-6-5-9%288-13%2911%2814%297-10%2Fh5-8%2C14H%2C3-4H2%2C1-2H3,4.0,2.35800004005432,2.0,,,10.0,,6.0,5.0,29.0,14.0,2.33999991416931,6.0,0.0658999979496002,0.0
InChI%3D1S%2FC12H9NO%2Fc14-12%2810-4-2-1-3-5-10%2911-6-8-13-9-7-11%2Fh1-9H,5.0,1.64499998092651,0.0,82.3193969726562,,11.0,0.27447122335434,6.0,4.0,40.0,26.0,2.11999988555908,6.0,0.523899972438812,0.0
InChI%3D1S%2FC24H27O4P%2Fc1-16-10-7-13-22%2819%2816%294%2926-29%2825%2C27-23-14-8-11-17%282%2920%2823%295%2928-24-15-9-12-18%283%2921%2824%296%2Fh7-15H%2C1-6H3,6.0,4.76999998092651,0.0,127.551200866699,,23.0,29.6970500946045,18.0,5.0,56.0,31.0,3.54999995231628,18.0,5.44950008392334,0.0
InChI%3D1S%2FC6H5NO%2Fc8-5-6-2-1-3-7-4-6%2Fh1-5H,1.0,-0.426999986171722,0.0,32.4600982666016,,8.0,0.448096364736557,6.0,2.0,13.0,8.0,1.89999997615814,6.0,-0.669399976730347,0.0
InChI%3D1S%2F2C4H7Cl3O.H2O%2Fc2%2A1-3%282%2C8%294%285%2C6%297%3B%2Fh2%2A8H%2C1-2H3%3B1H2,1.0,3.4539999961853,3.0,74.5431976318359,3.0,0.0,13.278736114502,0.0,8.0,27.0,10.0,1.67999994754791,0.0,0.958000004291534,0.0
InChI%3D1S%2FC6H12N2%2Fc1-2-8-5-3-7%281%294-6-8%2Fh1-6H2,0.0,-0.504000008106232,0.0,34.0691986083984,0.0,0.0,0.0092160003259778,0.0,0.0,20.0,9.0,1.89999997615814,0.0,0.096000000834465,0.0
InChI%3D1S%2FC4H6O2%2Fc5-3-1-2-4-6%2Fh5-6H%2C3-4H2,0.0,-0.879999995231628,4.0,23.117000579834,2.0,2.0,0.094249002635479,0.0,6.0,12.0,5.0,1.67999994754791,0.0,-0.307000011205673,0.0
InChI%3D1S%2FC3H6Br2O%2Fc4-1-3%285%292-6%2Fh3%2C6H%2C1-2H2,3.0,1.32500004768372,0.0,32.5850982666016,1.0,16.0,1.6643580198288,6.0,6.0,35.0,22.0,2.00999999046326,6.0,1.29009997844696,0.0
InChI%3D1S%2FC18H15OP%2Fc19-20%2816-10-4-1-5-11-16%2C17-12-6-2-7-13-17%2918-14-8-3-9-15-18%2Fh1-15H,3.0,6.92700004577637,0.0,,,20.0,,18.0,2.0,35.0,22.0,3.22000002861023,18.0,-0.959200024604797,1.0
InChI%3D1S%2FC6H4Cl2O2%2Fc7-3-1-5%289%296%2810%292-4%283%298%2Fh1-2%2C9-10H,0.0,1.49100005626678,0.0,,,8.0,,6.0,0.0,14.0,10.0,1.67999994754791,6.0,,0.0
InChI%3D1S%2FC6H6N2O3%2Fc7-4-1-2-6%289%295%283-4%298%2810%2911%2Fh1-3%2C9H%2C7H2,1.0,,0.0,,,11.0,,6.0,2.0,17.0,11.0,1.57000005245209,6.0,,0.0
InChI%3D1S%2FC18H30O%2Fc1-16%282%2C3%2912-10-13%2817%284%2C5%296%2915%2819%2914%2811-12%2918%287%2C8%299%2Fh10-11%2C19H%2C1-9H3,3.0,7.6399998664856,0.0,,,7.0,,6.0,3.0,49.0,19.0,3.32999992370605,6.0,4.20830011367798,1.0
InChI%3D1S%2FC7H14O%2Fc1-4-6%282%297%283%295-8%2Fh5-7H%2C4H2%2C1-3H3,3.0,2.52600002288818,5.0,32.9935989379883,0.0,1.0,8.10000017281709e-07,0.0,8.0,22.0,7.0,2.11999988555908,0.0,-0.000899999984540045,0.0
InChI%3D1S%2FC12H8Cl2OS%2Fc13-9-1-5-11%286-2-9%2916%2815%2912-7-3-10%2814%294-8-12%2Fh1-8H,1.0,0.444000005722046,3.0,62.8418006896973,,13.0,0.574715614318848,6.0,3.0,28.0,17.0,1.89999997615814,6.0,-0.758099973201752,0.0
InChI%3D1S%2FC11H16N2%2Fc1-2-4-11%285-3-1%2910-13-8-6-12-7-9-13%2Fh1-5%2C12H%2C6-10H2,6.0,1.92200005054474,2.0,88.2042007446289,,6.0,6.01279449462891,12.0,7.0,40.0,20.0,3.10999989509583,12.0,2.45210003852844,0.0
InChI%3D1S%2FC4H6Cl2%2Fc1-4%282-5%293-6%2Fh1-3H2,3.0,2.43300008773804,3.0,93.1490020751953,0.0,12.0,6.57358312606812,6.0,5.0,44.0,22.0,2.67000007629395,6.0,2.56389999389648,0.0
InChI%3D1S%2FC8H18S%2Fc1-7%282%2C3%299-8%284%2C5%296%2Fh1-6H3,2.0,3.41100001335144,3.0,46.7944984436035,0.0,0.0,7.0639009475708,0.0,9.0,27.0,8.0,2.23000001907349,0.0,2.65779995918274,0.0
InChI%3D1S%2FC6H11NO%2Fc8-7-6-4-2-1-3-5-6%2Fh8H%2C1-5H2,4.0,-2.71099996566772,2.0,26.7140998840332,1.0,8.0,0.0930860117077827,0.0,5.0,43.0,26.0,2.33999991416931,0.0,0.305099993944168,0.0
InChI%3D1S%2FC6H7N%2Fc1-6-3-2-4-7-5-6%2Fh2-5H%2C1H3,0.0,1.51199996471405,0.0,5.50209999084473,,6.0,0.412164002656937,6.0,0.0,14.0,7.0,2.00999999046326,6.0,0.642000019550323,0.0
InChI%3D1S%2FC9H10O4%2Fc1-12-6-3-8%2811%297%285-10%299%284-6%2913-2%2Fh3-5%2C11H%2C1-2H3,3.0,1.02499997615814,0.0,,,11.0,,6.0,2.0,23.0,13.0,2.00999999046326,6.0,,0.0
InChI%3D1S%2FC13H8Cl2O2%2Fc14-12-5-4-11%287-13%2812%2915%2917-10-3-1-2-9%286-10%298-16%2Fh1-8H,3.0,4.52699995040894,0.0,,,15.0,,12.0,2.0,25.0,18.0,2.45000004768372,12.0,,0.0
InChI%3D1S%2FC11H12O2%2Fc1-9%282%2911%2812%2913-8-10-6-4-3-5-7-10%2Fh3-7H%2C1%2C8H2%2C2H3,4.0,3.62199997901917,3.0,,,6.0,,6.0,7.0,25.0,13.0,2.45000004768372,6.0,1.07439994812012,0.0
InChI%3D1S%2FC8H2Cl8%2Fc9-2-1-3%2816-8%2815%297%2813%2914%295%2811%296%2812%294%282%2910%2Fh1%2C16H,2.0,,2.0,,,6.0,,6.0,6.0,16.0,16.0,1.46000003814697,6.0,,0.0
InChI%3D1S%2FC18H12N3O7P%2Fc22-19%2823%2913-4-1-7-16%2810-13%2929%2828%2C17-8-2-5-14%2811-17%2920%2824%2925%2918-9-3-6-15%2812-18%2921%2826%2927%2Fh1-12H,6.0,5.95499992370605,0.0,,,29.0,,18.0,3.0,41.0,31.0,2.23000001907349,18.0,,1.0
InChI%3D1S%2FC12H12N2%2Fc1%2811-3-7-13-8-4-11%292-12-5-9-14-10-6-12%2Fh3-10H%2C1-2H2,3.0,0.190999999642372,0.0,70.9033966064453,,11.0,2.20403718948364,6.0,4.0,35.0,19.0,1.89999997615814,6.0,-1.48459994792938,0.0
InChI%3D1S%2FC13H10ClNO3%2Fc1-9-8-12%286-7-13%289%2914%2918-11-4-2-10%283-5-11%2915%2816%2917%2Fh2-8H%2C1H3,8.0,1.44099998474121,3.0,92.4048004150391,,22.0,0.497307032346725,6.0,6.0,44.0,28.0,1.78999996185303,6.0,-0.705200016498566,1.0
InChI%3D1S%2FC7H4Br2O2%2Fc8-5-1-4%283-10%297%2811%296%289%292-5%2Fh1-3%2C11H,1.0,2.28399991989136,0.0,52.703498840332,,9.0,1.84334933757782,6.0,2.0,15.0,11.0,1.78999996185303,6.0,1.35769999027252,0.0
InChI%3D1S%2FC16H25NO2%2Fc1-3-4-5-6-7-10-13-19-16-12-9-8-11-15%2816%2917-14%282%2918%2Fh8-9%2C11-12H%2C3-7%2C10%2C13H2%2C1-2H3%2C%28H%2C17%2C18%29,3.0,1.06400001049042,0.0,72.0883026123047,,13.0,0.141300812363625,12.0,0.0,32.0,19.0,2.67000007629395,12.0,0.375900000333786,0.0
InChI%3D1S%2FC26H23F2NO4%2Fc1-17%282%2924%2818-11-13-21%2814-12-18%2932-26%2827%2928%2925%2830%2933-23%2816-29%2919-7-6-10-22%2815-19%2931-20-8-4-3-5-9-20%2Fh3-15%2C17%2C23-24%2C26H%2C1-2H3,10.0,3.71700000762939,4.0,131.053497314453,,13.0,10.9514665603638,18.0,10.0,56.0,35.0,3.54999995231628,18.0,3.3092999458313,0.0
InChI%3D1S%2FC8H11N%2Fc1-2-7-3-5-8%289%296-4-7%2Fh3-6H%2C2%2C9H2%2C1H3,1.0,1.39100003242493,2.0,43.6360015869141,,7.0,0.101124003529549,6.0,2.0,20.0,9.0,2.23000001907349,6.0,0.317999988794327,0.0
InChI%3D1S%2FC8H10%2Fc1-2-8-6-4-3-5-7-8%2Fh3-7H%2C2H2%2C1H3,1.0,4.9539999961853,2.0,10.3505001068115,,6.0,0.0941876098513603,6.0,2.0,18.0,8.0,2.33999991416931,6.0,0.30689999461174,0.0
InChI%3D1S%2FC8H9NO2%2Fc1-6%2810%299-7-3-2-4-8%2811%295-7%2Fh2-5%2C11H%2C1H3%2C%28H%2C9%2C10%29,1.0,0.61599999666214,2.0,45.7897987365723,,10.0,0.103555239737034,6.0,4.0,20.0,11.0,2.00999999046326,6.0,0.321799993515015,0.0
InChI%3D1S%2FC8H19N%2Fc1-3-4-5-6-7-8%282%299%2Fh8H%2C3-7%2C9H2%2C1-2H3,5.0,3.05299997329712,2.0,33.975399017334,1.0,6.0,4.56976127624512,6.0,3.0,52.0,29.0,3.0,6.0,-2.13770008087158,0.0
InChI%3D1S%2FC10H12O4%2Fc1-12-8-5-10%2814-3%299%2813-2%294-7%288%296-11%2Fh4-6H%2C1-3H3,4.0,1.11500000953674,0.0,,,11.0,,6.0,2.0,26.0,14.0,2.11999988555908,6.0,-0.347799986600876,0.0
InChI%3D1S%2FC9H9Cl%2Fc1-2-8-4-3-5-9%286-8%297-10%2Fh2-6H%2C1%2C7H2,2.0,4.77500009536743,0.0,20.4750003814697,,8.0,2.14153957366943,6.0,2.0,19.0,10.0,2.33999991416931,6.0,1.46340000629425,0.0
InChI%3D1S%2FC10H15BrO%2Fc1-9%282%296-4-5-10%289%2C3%298%2812%297%286%2911%2Fh6-7H%2C4-5H2%2C1-3H3,0.0,2.53099989891052,0.0,51.1352005004883,0.0,1.0,2.77622246742249,0.0,0.0,27.0,13.0,2.33999991416931,0.0,1.66620004177094,0.0
InChI%3D1S%2FC6H7ClN.HI%2Fc1-8-5-3-2-4-6%288%297%3B%2Fh2-5H%2C1H3%3B1H%2Fq%2B1%3B%2Fp-1,3.0,0.521000027656555,0.0,,1.0,10.0,,6.0,4.0,32.0,17.0,1.78999996185303,6.0,,0.0
InChI%3D1S%2FC9H13N%2Fc1-3-10-9-6-4-5-8%282%297-9%2Fh4-7%2C10H%2C3H2%2C1-2H3,2.0,1.81299996376038,2.0,47.8559989929199,,7.0,1.78302609920502,6.0,3.0,23.0,10.0,2.33999991416931,6.0,1.33529996871948,0.0
InChI%3D1S%2FC19H12O6%2Fc20-16-10-5-1-3-7-14%2810%2924-18%2822%2912%2816%299-13-17%2821%2911-6-2-4-8-15%2811%2925-19%2813%2923%2Fh1-8%2C20-21H%2C9H2,2.0,1.52499997615814,0.0,96.7192001342773,,12.0,1.47428166866302,12.0,0.0,37.0,28.0,2.89000010490417,12.0,1.21420001983643,0.0
InChI%3D1S%2FC7H3Br2NO%2Fc8-5-1-4%283-10%292-6%289%297%285%2911%2Fh1-2%2C11H,0.0,1.88199996948242,0.0,52.6082000732422,,9.0,2.5115909576416,6.0,2.0,14.0,11.0,1.78999996185303,6.0,1.58480000495911,0.0
InChI%3D1S%2FC8H4F3N%2Fc9-8%2810%2C11%297-4-2-1-3-6%287%295-12%2Fh1-4H,3.0,1.18400001525879,2.0,,,2.0,,0.0,10.0,18.0,9.0,1.24000000953674,0.0,2.72499990463257,0.0
InChI%3D1S%2FC8H8O3%2Fc1-11-8-4-6%285-9%292-3-7%288%2910%2Fh2-5%2C10H%2C1H3,2.0,1.03999996185303,0.0,16.1742992401123,,10.0,0.496320247650146,6.0,2.0,19.0,11.0,2.00999999046326,6.0,-0.704500019550323,0.0
InChI%3D1S%2FC7H7NO2%2Fc1-6-3-2-4-7%285-6%298%289%2910%2Fh2-5H%2C1H3,1.0,3.21700000762939,0.0,8.38790035247803,,9.0,0.354501157999039,6.0,2.0,17.0,10.0,1.89999997615814,6.0,0.595399975776672,0.0
InChI%3D1S%2FC10H18O%2Fc1-2-3-4-5-6-7-8-9-10-11%2Fh11H%2C2-7%2C10H2%2C1H3,10.0,4.00699996948242,3.0,152.401794433594,1.0,20.0,4.90401029586792,22.0,7.0,68.0,38.0,4.21000003814697,23.0,2.21449995040894,0.0
InChI%3D1S%2FC8H6O%2Fc1-2-4-8-7%283-1%295-6-9-8%2Fh1-6H,0.0,2.64599990844727,0.0,39.8465003967285,,7.0,0.0237468108534813,6.0,0.0,15.0,10.0,2.23000001907349,10.0,-0.154100000858307,0.0
InChI%3D1S%2FC7H5NO3%2Fc9-5-6-1-3-7%284-2-6%298%2810%2911%2Fh1-5H,6.0,3.36400008201599,3.0,93.7751998901367,,14.0,3.24360108375549,12.0,7.0,36.0,23.0,2.55999994277954,12.0,1.80099999904633,0.0
InChI%3D1S%2FC10H9NO6%2Fc1-16-9%2812%296-3-4-7%2810%2813%2917-2%298%285-6%2911%2814%2915%2Fh3-5H%2C1-2H3,5.0,,0.0,,,15.0,,6.0,4.0,26.0,17.0,1.78999996185303,6.0,,0.0
InChI%3D1S%2FC14H20O3%2Fc1-3-4-5-6-9-17-13-8-7-12%2811-15%2910-14%2813%2916-2%2Fh7-8%2C10-11H%2C3-6%2C9H2%2C1-2H3,8.0,3.39800000190735,6.0,65.877197265625,,10.0,1.37639820575714,6.0,7.0,37.0,17.0,2.67000007629395,6.0,-1.17320001125336,0.0
InChI%3D1S%2FC7H4F3NO3%2Fc8-7%289%2C10%295-3-4%2812%291-2-6%285%2911%2813%2914%2Fh1-3%2C12H,2.0,,0.0,,,10.0,,6.0,3.0,18.0,14.0,1.46000003814697,6.0,,0.0
InChI%3D1S%2FC6H2Cl4O%2Fc7-2-1-3%2811%295%289%296%2810%294%282%298%2Fh1%2C11H,0.0,3.04299998283386,0.0,,,7.0,5.35968780517578,6.0,0.0,13.0,11.0,1.57000005245209,6.0,2.3150999546051,0.0
InChI%3D1S%2FC9H14N.CH4O4S%2Fc1-10%282%2C3%299-7-5-4-6-8-9%3B1-5-6%282%2C3%294%2Fh4-8H%2C1-3H3%3B1H3%2C%28H%2C2%2C3%2C4%29%2Fq%2B1%3B%2Fp-1,1.0,0.846000015735626,2.0,,,5.0,,0.0,6.0,15.0,9.0,0.910000026226044,0.0,,0.0
InChI%3D1S%2FC7H6O3.Na%2Fc8-6-4-2-1-3-5%286%297%289%2910%3B%2Fh1-4%2C8H%2C%28H%2C9%2C10%29%3B%2Fq%3B%2B1%2Fp-1,1.0,1.71000003814697,0.0,,,10.0,,6.0,3.0,16.0,10.0,1.78999996185303,6.0,,0.0
InChI%3D1S%2FC9H10O%2Fc1-2-5-8-6-3-4-7-9%288%2910%2Fh2-4%2C6-7%2C10H%2C1%2C5H2,0.0,-0.0240000002086163,0.0,22.3526000976562,,4.0,1.27938723564148,0.0,0.0,13.0,7.0,1.35000002384186,0.0,-1.1311000585556,0.0
InChI%3D1S%2FC12H22%2Fc1-3-7-11%288-4-1%2912-9-5-2-6-10-12%2Fh11-12H%2C1-10H2,5.0,3.38199996948242,3.0,162.10270690918,,18.0,3.20016312599182,14.0,4.0,80.0,49.0,3.76999998092651,16.0,-1.78890001773834,0.0
InChI%3D1S%2FC4Cl6%2Fc5-1%283%287%298%292%286%294%289%2910,1.0,4.4520001411438,4.0,50.6963996887207,0.0,4.0,13.2059564590454,0.0,10.0,10.0,9.0,1.24000000953674,0.0,3.6340000629425,0.0
InChI%3D1S%2FC11H17NO%2Fc1-3-12%287-8-13%2911-6-4-5-10%282%299-11%2Fh4-6%2C9%2C13H%2C3%2C7-8H2%2C1-2H3,4.0,1.66700005531311,2.0,,,7.0,,6.0,6.0,30.0,13.0,2.45000004768372,6.0,,0.0
InChI%3D1S%2FC9H11NO%2Fc1-2-9%2811%297-3-5-8%2810%296-4-7%2Fh3-6H%2C2%2C10H2%2C1H3,3.0,1.2150000333786,0.0,72.758903503418,,16.0,0.501830577850342,12.0,4.0,27.0,18.0,2.23000001907349,12.0,0.708400011062622,0.0
InChI%3D1S%2FC7H12O%2Fc8-7-4-5-1-2-6%287%293-5%2Fh5-8H%2C1-4H2,3.0,1.06400001049042,0.0,72.0883026123047,1.0,13.0,0.141300812363625,12.0,0.0,32.0,19.0,2.67000007629395,12.0,0.375900000333786,0.0
InChI%3D1S%2FC9H13N%2Fc1-8-4-6-9%287-5-8%2910%282%293%2Fh4-7H%2C1-3H3,1.0,2.92899990081787,0.0,,,7.0,,6.0,2.0,23.0,10.0,2.33999991416931,6.0,,0.0
InChI%3D1S%2FC9H10O2%2Fc1-2-11-9-5-3-8%287-10%294-6-9%2Fh3-7H%2C2H2%2C1H3,3.0,1.09300005435944,2.0,,,9.0,,6.0,3.0,21.0,11.0,2.23000001907349,6.0,0.767199993133545,0.0
InChI%3D1S%2FC12H4Cl6S2%2Fc13-5-1-9%2817%2911%283-7%285%2915%2919-20-12-4-8%2816%296%2814%292-10%2812%2918%2Fh1-4H,3.0,5.84600019454956,0.0,,,6.0,,12.0,2.0,24.0,21.0,1.89999997615814,12.0,,1.0
InChI%3D1S%2FC6H3Cl4N%2Fc7-2-1-3%288%295%2810%296%2811%294%282%299%2Fh1H%2C11H2,2.0,0.857999980449677,0.0,66.1144027709961,,13.0,0.372466087341309,12.0,0.0,28.0,16.0,2.45000004768372,12.0,0.610300004482269,0.0
InChI%3D1S%2FC13H10Cl2O2%2Fc14-10-1-3-12%2816%298%286-10%295-9-7-11%2815%292-4-13%289%2917%2Fh1-4%2C6-7%2C16-17H%2C5H2,2.0,2.26699995994568,0.0,76.7157974243164,,7.0,6.1652889251709,12.0,0.0,27.0,18.0,2.45000004768372,12.0,2.48300004005432,0.0
InChI%3D1S%2FC7H5NO4%2Fc9-6%2810%294-2-1-3-5%288-4%297%2811%2912%2Fh1-3H%2C%28H%2C9%2C10%29%28H%2C11%2C12%29,2.0,1.31200003623962,0.0,101.561698913574,,14.0,0.920064628124237,11.0,3.0,46.0,29.0,2.33999991416931,11.0,-0.959200024604797,0.0
InChI%3D1S%2FC6H6FN%2Fc7-5-1-3-6%288%294-2-5%2Fh1-4H%2C8H2,0.0,0.439999997615814,0.0,34.6333999633789,,7.0,0.0135722495615482,6.0,0.0,14.0,8.0,1.89999997615814,6.0,0.116499997675419,0.0
InChI%3D1S%2FC8H8ClNO%2Fc1-6-7%289%293-2-4-8%286%2910-5-11%2Fh2-5H%2C1H3%2C%28H%2C10%2C11%29,1.0,2.6010000705719,0.0,,,9.0,,6.0,3.0,19.0,11.0,2.00999999046326,6.0,,0.0
InChI%3D1S%2FC9H12%2Fc1-7-4-5-8%282%299%283%296-7%2Fh4-6H%2C1-3H3,0.0,5.0310001373291,0.0,16.5062999725342,,6.0,3.70947599411011,6.0,0.0,21.0,9.0,2.45000004768372,6.0,1.92599999904633,1.0
InChI%3D1S%2FC6H4N2O4%2Fc9-7%2810%295-1-2-6%284-3-5%298%2811%2912%2Fh1-4H,2.0,2.5699999332428,0.0,,,12.0,,6.0,3.0,16.0,12.0,1.46000003814697,6.0,-0.0931999981403351,0.0
InChI%3D1S%2FC12H9NO3%2Fc14-13%2815%2910-6-8-12%289-7-10%2916-11-4-2-1-3-5-11%2Fh1-9H,10.0,0.970000028610229,0.0,95.3277969360352,,24.0,2.77222490310669,12.0,7.0,43.0,32.0,1.35000002384186,12.0,1.66499996185303,0.0
InChI%3D1S%2FC16H27N%2Fc1-2-3-4-5-6-7-8-9-10-15-11-13-16%2817%2914-12-15%2Fh11-14H%2C2-10%2C17H2%2C1H3,9.0,7.4210000038147,10.0,,,7.0,,6.0,10.0,44.0,17.0,3.10999989509583,6.0,,1.0
InChI%3D1S%2FC7H5ClN2%2Fc8-6-1-2-7%2810%295%283-6%294-9%2Fh1-3H%2C10H2,0.0,1.21000003814697,0.0,,,9.0,,6.0,2.0,15.0,10.0,1.89999997615814,6.0,0.0291000008583069,0.0
InChI%3D1S%2FC8H10%2Fc1-7-3-5-8%282%296-4-7%2Fh3-6H%2C1-2H3,0.0,2.8659999370575,0.0,39.5197982788086,,6.0,5.27253437042236,6.0,0.0,18.0,8.0,2.33999991416931,6.0,2.29620003700256,0.0
InChI%3D1S%2FC7H5F4N%2Fc8-6-2-1-4%2812%293-5%286%297%289%2C10%2911%2Fh1-3H%2C12H2,1.0,1.32000005245209,0.0,,,7.0,,6.0,3.0,17.0,12.0,1.67999994754791,6.0,1.01900005340576,0.0
InChI%3D1S%2FC7H7ClO%2Fc1-5-4-6%289%292-3-7%285%298%2Fh2-4%2C9H%2C1H3,0.0,1.49300003051758,0.0,41.5595016479492,,7.0,2.74034905433655,6.0,0.0,16.0,9.0,2.00999999046326,6.0,1.6554000377655,0.0
InChI%3D1S%2FC6H4Br2%2Fc7-5-3-1-2-4-6%285%298%2Fh1-4H,2.0,1.92700004577637,0.0,,,15.0,0.0299636106938124,6.0,2.0,43.0,28.0,2.45000004768372,6.0,-0.173099994659424,0.0
InChI%3D1S%2FC12H8O%2Fc1-3-7-11-9%285-1%2910-6-2-4-8-12%2810%2913-11%2Fh1-8H,0.0,4.27400016784668,0.0,1.61909997463226,,13.0,0.0237468108534813,12.0,0.0,21.0,15.0,2.67000007629395,15.0,-0.154100000858307,0.0
InChI%3D1S%2FC5H4N2O3%2Fc8-4-2-1-3-6-5%284%297%289%2910%2Fh1-3%2C8H,6.0,1.39100003242493,4.0,104.847602844238,,8.0,0.81703519821167,12.0,5.0,49.0,28.0,3.22000002861023,12.0,0.903900027275085,0.0
InChI%3D1S%2FC5H4ClNO%2Fc6-4-1-2-5%288%297-3-4%2Fh1-3H%2C%28H%2C7%2C8%29,0.0,2.07399988174438,0.0,21.364200592041,,0.0,2.6153359413147,0.0,3.0,5.0,3.0,1.24000000953674,0.0,1.6172000169754,0.0
InChI%3D1S%2FC12H16O%2Fc13-12-9-5-4-8-11%2812%2910-6-2-1-3-7-10%2Fh1-3%2C6-7%2C11-13H%2C4-5%2C8-9H2,1.0,4.53299999237061,0.0,21.9519004821777,,6.0,2.03119492530823,6.0,0.0,29.0,14.0,2.67000007629395,6.0,-1.42519998550415,0.0
InChI%3D1S%2FC24H38O4%2Fc1-3-5-7-9-11-15-19-27-23%2825%2921-17-13-14-18-22%2821%2924%2826%2928-20-16-12-10-8-6-4-2%2Fh13-14%2C17-18H%2C3-12%2C15-16%2C19-20H2%2C1-2H3,18.0,9.58600044250488,8.0,68.7444000244141,,12.0,12.3369541168213,6.0,11.0,66.0,28.0,3.66000008583069,6.0,-3.51239991188049,2.0
InChI%3D1S%2FC8H6Cl2O2%2Fc1-12-8%2811%296-4-5%289%292-3-7%286%2910%2Fh2-4H%2C1H3,10.0,,3.0,,,19.0,,12.0,10.0,46.0,32.0,2.23000001907349,12.0,,0.0
InChI%3D1S%2FC6HBr5O%2Fc7-1-2%288%294%2810%296%2812%295%2811%293%281%299%2Fh12H,0.0,4.00299978256226,0.0,,,7.0,,6.0,0.0,13.0,12.0,1.46000003814697,6.0,,0.0
InChI%3D1S%2FC7HF5O%2Fc8-3-2%281-13%294%289%296%2811%297%2812%295%283%2910%2Fh1H,1.0,1.00999999046326,0.0,,,8.0,,6.0,2.0,14.0,13.0,1.57000005245209,6.0,0.564400017261505,0.0
InChI%3D1S%2FC13H11NO2%2Fc15-12-9-5-4-8-11%2812%2913%2816%2914-10-6-2-1-3-7-10%2Fh1-9%2C15H%2C%28H%2C14%2C16%29,2.0,1.89600002765656,0.0,,,16.0,,12.0,3.0,27.0,17.0,2.55999994277954,12.0,1.519700050354,0.0
InChI%3D1S%2FC7H9N%2Fc1-8-7-5-3-2-4-6-7%2Fh2-6%2C8H%2C1H3,8.0,3.51600003242493,3.0,95.2766036987305,,7.0,0.00808200985193253,6.0,9.0,41.0,24.0,2.23000001907349,6.0,0.0899000018835068,0.0
InChI%3D1S%2FC15H24O%2Fc1-10-8-11%2814%282%2C3%294%2913%2816%2912%289-10%2915%285%2C6%297%2Fh8-9%2C16H%2C1-7H3,2.0,5.95699977874756,0.0,46.3203010559082,,7.0,10.851095199585,6.0,3.0,40.0,16.0,3.0,6.0,3.29410004615784,1.0
InChI%3D1S%2FC9H10O3%2Fc1-2-12-9-5-7%286-10%293-4-8%289%2911%2Fh3-6%2C11H%2C2H2%2C1H3,3.0,2.11100006103516,3.0,82.7414016723633,,15.0,1.24970042705536,6.0,6.0,34.0,22.0,2.00999999046326,6.0,1.11790001392365,0.0
InChI%3D1S%2FC10H15NO2%2Fc12-8-6-11%287-9-13%2910-4-2-1-3-5-10%2Fh1-5%2C12-13H%2C6-9H2,8.0,3.74399995803833,2.0,100.75700378418,,19.0,24.0933723449707,12.0,11.0,41.0,33.0,1.67999994754791,12.0,4.90850019454956,0.0
InChI%3D1S%2FC4H6N2%2Fc1-4-5-2-3-6-4%2Fh2-3H%2C1H3%2C%28H%2C5%2C6%29,0.0,-0.174999997019768,0.0,24.4801998138428,3.0,0.0,0.118542492389679,0.0,0.0,16.0,6.0,1.67999994754791,0.0,-0.344300001859665,0.0
InChI%3D1S%2FCHCl3%2Fc2-1%283%294%2Fh1H,0.0,2.07399988174438,0.0,21.364200592041,0.0,0.0,2.6153359413147,0.0,4.0,5.0,3.0,1.24000000953674,0.0,1.6172000169754,0.0
InChI%3D1S%2FC8H7BrO3%2Fc1-12-7-3-5%284-10%292-6%289%298%287%2911%2Fh2-4%2C11H%2C1H3,5.0,2.28500008583069,5.0,,,8.0,,0.0,6.0,33.0,19.0,1.78999996185303,0.0,,0.0
InChI%3D1S%2FC7H12O%2Fc1-5-7%284%2C8%296%282%293%2Fh1%2C6%2C8H%2C2-4H3,1.0,1.05999994277954,5.0,32.6320991516113,1.0,2.0,1.06523036956787,0.0,8.0,20.0,7.0,2.11999988555908,0.0,1.0320999622345,0.0
InChI%3D1S%2FC5H4ClNO%2Fc6-4-2-1-3-5%288%297-4%2Fh1-3H%2C%28H%2C7%2C8%29,0.0,0.824000000953674,0.0,33.2155990600586,,7.0,1.54306089878082,6.0,0.0,12.0,8.0,1.67999994754791,6.0,1.2422000169754,0.0
InChI%3D1S%2FC21H18N3O10P%2Fc1-13-4-7-16%2822%2825%2926%2919%2810-13%2932-35%2831%2C33-20-11-14%282%295-8-17%2820%2923%2827%2928%2934-21-12-15%283%296-9-18%2821%2924%2829%2930%2Fh4-12H%2C1-3H3,9.0,,0.0,,,32.0,,18.0,5.0,53.0,37.0,2.23000001907349,18.0,,0.0
InChI%3D1S%2FC12H12N2O3%2Fc1-2-12%288-6-4-3-5-7-8%299%2815%2913-11%2817%2914-10%2812%2916%2Fh3-7H%2C2H2%2C1H3%2C%28H2%2C13%2C14%2C15%2C16%2C17%29,2.0,3.76099991798401,2.0,34.4664001464844,,8.0,1.26247692108154,6.0,2.0,29.0,18.0,2.23000001907349,6.0,-1.12360000610352,0.0
InChI%3D1S%2F4C2H5.Sn%2Fc4%2A1-2%3B%2Fh4%2A1H2%2C2H3%3B,0.0,5.91200017929077,0.0,42.2263984680176,0.0,0.0,7.44634962081909,0.0,1.0,37.0,4.0,2.23000001907349,0.0,2.72880005836487,1.0
InChI%3D1S%2FC9H12O%2Fc1-2-3-8-4-6-9%2810%297-5-8%2Fh4-7%2C10H%2C2-3H2%2C1H3,2.0,2.37100005149841,3.0,,,7.0,,6.0,3.0,22.0,10.0,2.33999991416931,6.0,0.470400005578995,0.0
InChI%3D1S%2FC7H9NO%2Fc1-6%289%297-4-3-5-8%287%292%2Fh3-5H%2C1-2H3,9.0,3.98200011253357,4.0,91.3720016479492,0.0,8.0,0.107125289738178,0.0,8.0,51.0,22.0,2.77999997138977,0.0,0.327300012111664,0.0
InChI%3D1S%2FC12H14O4%2Fc1-3-15-11%2813%299-7-5-6-8-10%289%2912%2814%2916-4-2%2Fh5-8H%2C3-4H2%2C1-2H3,6.0,3.1800000667572,2.0,32.5643997192383,,12.0,0.273738235235214,6.0,5.0,30.0,16.0,2.33999991416931,6.0,0.52319997549057,0.0
InChI%3D1S%2FC7H10N2%2Fc1-9%282%297-5-3-4-6-8-7%2Fh3-6H%2C1-2H3,5.0,3.21099996566772,0.0,,,13.0,4.18939018249512,18.0,0.0,46.0,31.0,3.22000002861023,18.0,2.04679989814758,0.0
InChI%3D1S%2FC13H20O%2Fc1-10-6-5-9-13%283%2C4%2912%2810%298-7-11%282%2914%2Fh7-8H%2C5-6%2C9H2%2C1-4H3,2.0,3.65000009536743,4.0,60.6614990234375,0.0,6.0,2.48629832267761,0.0,5.0,34.0,14.0,2.77999997138977,0.0,1.57679998874664,0.0
InChI%3D1S%2FC17H20N4O6%2Fc1-7-3-9-10%284-8%287%292%2921%285-11%2823%2914%2825%2912%2824%296-22%2915-13%2818-9%2916%2826%2920-17%2827%2919-15%2Fh3-4%2C11-12%2C14%2C22-25H%2C5-6H2%2C1-2H3%2C%28H%2C20%2C26%2C27%29,5.0,-1.49899995326996,5.0,69.3387985229492,,8.0,3.86672902107239,6.0,9.0,53.0,29.0,2.23000001907349,6.0,-1.96640002727509,1.0
InChI%3D1S%2FC6H13Br%2Fc1-2-3-4-5-6-7%2Fh2-6H2%2C1H3,9.0,0.653999984264374,2.0,30.8563995361328,0.0,22.0,0.0401200912892818,12.0,7.0,42.0,30.0,1.35000002384186,12.0,-0.200299993157387,0.0
InChI%3D1S%2FC24H38O4%2Fc1-5-9-13-19%287-3%2917-27-23%2825%2921-15-11-12-16-22%2821%2924%2826%2928-18-20%288-4%2914-10-6-2%2Fh11-12%2C15-16%2C19-20H%2C5-10%2C13-14%2C17-18H2%2C1-4H3,2.0,1.80499994754791,2.0,72.8276977539062,,15.0,3.26488757133484,12.0,4.0,29.0,18.0,2.67000007629395,12.0,1.80690002441406,0.0
InChI%3D1S%2FC8H10O2%2Fc9-6-7-10-8-4-2-1-3-5-8%2Fh1-5%2C9H%2C6-7H2,3.0,1.85399997234344,2.0,13.608099937439,,7.0,0.349517434835434,6.0,4.0,20.0,10.0,2.11999988555908,6.0,-0.591199994087219,0.0
InChI%3D1S%2FC4H6O%2Fc1-3-4%282%295%2Fh1%2C4-5H%2C2H3,0.0,0.294999986886978,4.0,19.6254005432129,1.0,2.0,0.0933302491903305,0.0,5.0,11.0,4.0,1.78999996185303,0.0,0.305500000715256,0.0
InChI%3D1S%2FC9H11N%2Fc1-2-8-10-9-6-4-3-5-7-9%2Fh2-7%2C10H%2C1%2C8H2,3.0,1.61300003528595,3.0,,,7.0,,6.0,4.0,21.0,10.0,2.33999991416931,6.0,,0.0
InChI%3D1S%2FC11H14O4%2Fc1-7%2812%298-5-6-9%2813-2%2911%2815-4%2910%288%2914-3%2Fh5-6H%2C1-4H3,4.0,0.966000020503998,0.0,32.7178001403809,,11.0,0.167526483535767,6.0,2.0,29.0,15.0,2.23000001907349,6.0,-0.409299999475479,0.0
InChI%3D1S%2FC14H23NO4%2Fc1-16-7-5-6-15-10-11-8-12%2817-2%2914%2819-4%2913%289-11%2918-3%2Fh8-9%2C15H%2C5-7%2C10H2%2C1-4H3,9.0,0.935000002384186,3.0,,,9.0,,6.0,7.0,42.0,19.0,2.45000004768372,6.0,,0.0
InChI%3D1S%2FC3HBr3N2%2Fc4-1-2%285%298-3%286%297-1%2Fh%28H%2C7%2C8%29,0.0,2.49499988555908,0.0,26.6382007598877,2.0,0.0,3.97523832321167,0.0,0.0,8.0,8.0,1.24000000953674,5.0,1.99380004405975,0.0
InChI%3D1S%2FC6H4Cl2O%2Fc7-4-1-2-6%289%295%288%293-4%2Fh1-3%2C9H,2.0,0.962999999523163,0.0,68.2354965209961,,6.0,0.773696184158325,6.0,3.0,25.0,17.0,1.89999997615814,6.0,0.879599988460541,0.0
InChI%3D1S%2FC4H4N2O2%2Fc7-3-1-2-5-4%288%296-3%2Fh1-2H%2C%28H2%2C5%2C6%2C7%2C8%29,0.0,-0.462000012397766,0.0,5.12919998168945,,8.0,0.847504377365112,6.0,0.0,12.0,8.0,1.46000003814697,6.0,-0.92059999704361,0.0
InChI%3D1S%2FC8H8O3%2Fc1-11-7-4-2-3-6%285-9%298%287%2910%2Fh2-5%2C10H%2C1H3,2.0,1.46899998188019,0.0,16.1742992401123,,10.0,0.496320247650146,6.0,2.0,19.0,11.0,2.00999999046326,6.0,-0.704500019550323,0.0
InChI%3D1S%2FC6H6ClN%2Fc7-5-1-3-6%288%294-2-5%2Fh1-4H%2C8H2,10.0,0.970000028610229,0.0,95.3277969360352,,24.0,2.77222490310669,12.0,7.0,43.0,32.0,1.35000002384186,12.0,1.66499996185303,0.0
InChI%3D1S%2FC7H6Cl2O2%2Fc1-11-7-3-5%289%294%288%292-6%287%2910%2Fh2-3%2C10H%2C1H3,0.0,1.88199996948242,0.0,52.6082000732422,,9.0,2.5115909576416,6.0,2.0,14.0,11.0,1.78999996185303,6.0,1.58480000495911,0.0
InChI%3D1S%2FC8H18S2%2Fc1-9-7-5-3-4-6-8-10-2%2Fh3-8H2%2C1-2H3,7.0,2.46000003814697,2.0,79.1855010986328,0.0,12.0,1.90633249282837,6.0,7.0,39.0,19.0,1.78999996185303,6.0,1.38069999217987,0.0
InChI%3D1S%2FC20H34O%2Fc1-7-19%285%2C21%2914-11-16-15%282%299-10-17-18%283%2C4%2912-8-13-20%2816%2C17%296%2Fh7%2C16-17%2C21H%2C1-2%2C8-14H2%2C3-6H3,5.0,0.954999983310699,3.0,38.3759002685547,1.0,3.0,1.75403535366058,0.0,9.0,19.0,8.0,1.78999996185303,0.0,1.32439994812012,0.0
InChI%3D1S%2FC18H15N%2Fc1-4-10-16%2811-5-1%2919%2817-12-6-2-7-13-17%2918-14-8-3-9-15-18%2Fh1-15H,3.0,0.0509999990463257,2.0,47.5084991455078,,12.0,1.40067219734192,6.0,7.0,22.0,13.0,1.78999996185303,6.0,-1.18350005149841,0.0
InChI%3D1S%2FC17H13N%2Fc1-3-8-14%289-4-1%2916-12-7-13-17%2818-16%2915-10-5-2-6-11-15%2Fh1-13H,2.0,7.36399984359741,0.0,0.0,,18.0,0.0,18.0,0.0,31.0,20.0,3.22000002861023,18.0,0.0,1.0
InChI%3D1S%2FC8H10N2O3%2Fc1-2-13-6-3-4-7%289%298%285-6%2910%2811%2912%2Fh3-5H%2C2%2C9H2%2C1H3,3.0,2.49000000953674,2.0,18.7175006866455,,11.0,0.357484400272369,6.0,3.0,23.0,13.0,1.78999996185303,6.0,-0.597899973392487,0.0
InChI%3D1S%2FC8H10O2%2Fc1-9-7-3-5-8%2810-2%296-4-7%2Fh3-6H%2C1-2H3,2.0,1.90799999237061,0.0,14.6316003799438,,8.0,0.0107329599559307,6.0,2.0,20.0,10.0,2.11999988555908,6.0,-0.10360000282526,0.0
InChI%3D1S%2FC10H22N2%2Fc1-9%282%2C11%298-4-6-10%283%2C12%297-5-8%2Fh8H%2C4-7%2C11-12H2%2C1-3H3,2.0,-1.20700001716614,2.0,24.0685005187988,2.0,4.0,0.895862221717834,0.0,6.0,14.0,5.0,1.46000003814697,0.0,-0.94650000333786,0.0
InChI%3D1S%2FC5H10N2O2S%2Fc1-4%2810-3%297-9-5%288%296-2%2Fh1-3H3%2C%28H%2C6%2C8%29,3.0,1.63300001621246,0.0,40.3573989868164,1.0,6.0,0.946145296096802,0.0,10.0,20.0,9.0,1.46000003814697,0.0,0.972699999809265,0.0
InChI%3D1S%2FC15H12O%2Fc1-2-15%2816%2C13-9-5-3-6-10-13%2914-11-7-4-8-12-14%2Fh1%2C3-12%2C16H,2.0,5.375,3.0,12.631799697876,,6.0,0.000388090003980324,12.0,4.0,28.0,17.0,3.0,12.0,0.0197000000625849,1.0
InChI%3D1S%2FC8H18S2%2Fc1-3-5-9-7-8-10-6-4-2%2Fh3-8H2%2C1-2H3,7.0,3.71399998664856,3.0,52.0564002990723,0.0,0.0,0.568817615509033,0.0,10.0,28.0,9.0,2.11999988555908,0.0,0.754199981689453,0.0
InChI%3D1S%2FC7H6O%2Fc8-6-7-4-2-1-3-5-7%2Fh1-6H,1.0,3.07999992370605,0.0,6.29390001296997,,8.0,0.0370177589356899,6.0,2.0,14.0,8.0,2.11999988555908,6.0,-0.192399993538857,0.0
InChI%3D1S%2FC2H3Cl3O%2Fc3-2%284%2C5%291-6%2Fh6H%2C1H2,1.0,1.33700001239777,2.0,28.215799331665,1.0,0.0,1.53636026382446,0.0,6.0,9.0,5.0,1.24000000953674,0.0,1.23950004577637,0.0
InChI%3D1S%2FC2Cl4%2Fc3-1%284%292%285%296,6.0,3.89599990844727,2.0,92.9802017211914,0.0,16.0,9.07093906402588,6.0,9.0,38.0,23.0,2.11999988555908,6.0,3.01180005073547,0.0
InChI%3D1S%2FC6H4Cl3N%2Fc7-3-1-2-4%2810%296%289%295%283%298%2Fh1-2H%2C10H2,0.0,2.05399990081787,0.0,21.0688991546631,,7.0,2.19928908348083,6.0,0.0,14.0,10.0,1.67999994754791,6.0,1.48300004005432,0.0
InChI%3D1S%2FC12H10O%2Fc1-3-7-11%288-4-1%2913-12-9-5-2-6-10-12%2Fh1-10H,7.0,3.35899996757507,2.0,92.7779998779297,,10.0,8.20249557495117,6.0,10.0,36.0,22.0,1.78999996185303,6.0,2.86400008201599,0.0
InChI%3D1S%2FC10H10N2O2S%2Fc1-9-2-4-10%285-3-9%2915%2813%2C14%2912-7-6-11-8-12%2Fh2-8H%2C1H3,2.0,0.861000001430511,0.0,62.6654014587402,,10.0,0.00559504004195333,6.0,2.0,29.0,16.0,2.00999999046326,6.0,0.0747999995946884,0.0
InChI%3D1S%2FC6H9NO%2Fc1-4-5%282%298-6%283%297-4%2Fh1-3H3,5.0,2.10800004005432,4.0,60.7272987365723,0.0,7.0,1.12042224407196,6.0,7.0,25.0,15.0,2.00999999046326,6.0,1.05850005149841,0.0
InChI%3D1S%2FC5H13N%2Fc1-4%282%295%283%296%2Fh4-5H%2C6H2%2C1-3H3,1.0,0.972000002861023,4.0,27.7865009307861,1.0,0.0,0.0310112107545137,0.0,6.0,19.0,5.0,1.89999997615814,0.0,-0.176100000739098,0.0
InChI%3D1S%2FC9H7N%2Fc1-2-6-9-8%284-1%295-3-7-10-9%2Fh1-7H,0.0,3.02800011634827,0.0,0.0,,10.0,0.0,10.0,0.0,17.0,11.0,2.33999991416931,11.0,0.0,0.0
InChI%3D1S%2FC10H11NO4%2Fc1-14-9%2812%296-3-4-7%288%2811%295-6%2910%2813%2915-2%2Fh3-5H%2C11H2%2C1-2H3,5.0,4.70599985122681,4.0,104.094299316406,,14.0,4.71671533584595,6.0,8.0,51.0,29.0,3.10999989509583,6.0,2.17179989814758,0.0
InChI%3D1S%2FC8H8N2O%2Fc1-5-3-6%282%2910-8%2811%297%285%294-9%2Fh3H%2C1-2H3%2C%28H%2C10%2C11%29,1.0,-0.225999996066093,0.0,20.808500289917,,5.0,0.000576000020373613,0.0,6.0,12.0,5.0,1.24000000953674,0.0,-0.0240000002086163,0.0
InChI%3D1S%2FC10H12O%2Fc1-8%282%2910-5-3-9%287-11%294-6-10%2Fh3-8H%2C1-2H3,2.0,4.48000001907349,0.0,20.5617008209229,,8.0,0.144780248403549,6.0,2.0,23.0,11.0,2.45000004768372,6.0,0.380499988794327,0.0
InChI%3D1S%2FC5H8O%2Fc1-3-4-5%282%296%2Fh1%2C5-6H%2C4H2%2C2H3,1.0,0.386999994516373,5.0,24.4908008575439,1.0,2.0,0.135350406169891,0.0,6.0,14.0,5.0,1.89999997615814,0.0,0.367900013923645,0.0
InChI%3D1S%2FC9H16ClNO2%2Fc10-6-7-13-9%2812%2911-8-4-2-1-3-5-8%2Fh8H%2C1-7H2%2C%28H%2C11%2C12%29,4.0,2.95799994468689,2.0,42.7302017211914,1.0,4.0,0.133809641003609,0.0,7.0,29.0,13.0,2.00999999046326,0.0,-0.365799993276596,0.0
InChI%3D1S%2FC9H10O3%2Fc1-11-8-4-3-7%286-10%299%285-8%2912-2%2Fh3-6H%2C1-2H3,3.0,1.55900001525879,0.0,20.925500869751,,10.0,0.0876159965991974,6.0,2.0,22.0,12.0,2.11999988555908,6.0,-0.296000003814697,0.0
InChI%3D1S%2F2C21H22N2O2.H2O4S%2Fc2%2A24-18-10-16-19-13-9-17-21%286-7-22%2817%2911-12%2813%295-8-25-16%2914-3-1-2-4-15%2814%2923%2818%2920%2819%2921%3B1-5%282%2C3%294%2Fh2%2A1-5%2C13%2C16-17%2C19-20H%2C6-11H2%3B%28H2%2C1%2C2%2C3%2C4%29,0.0,1.69799995422363,0.0,148.869995117188,2.0,9.0,4.95507621765137,12.0,5.0,101.0,66.0,4.65000009536743,12.0,-2.2260000705719,1.0
InChI%3D1S%2FC7H8%2Fc1-7-5-3-2-4-6-7%2Fh2-6H%2C1H3,0.0,2.47399997711182,0.0,35.2378005981445,,6.0,3.42176008224487,6.0,0.0,15.0,7.0,2.23000001907349,6.0,1.84979999065399,0.0
InChI%3D1S%2FC6H5Cl%2Fc7-6-4-2-1-3-5-6%2Fh1-5H,0.0,3.1029999256134,0.0,5.61560010910034,,6.0,0.553982496261597,6.0,0.0,12.0,7.0,2.00999999046326,6.0,0.744300007820129,0.0
InChI%3D1S%2FC8H10O%2Fc1-6-3-4-8%289%297%282%295-6%2Fh3-5%2C9H%2C1-2H3,0.0,1.51900005340576,0.0,41.125301361084,,7.0,3.00363564491272,6.0,0.0,19.0,9.0,2.23000001907349,6.0,1.73310005664825,0.0
InChI%3D1S%2FC9H9N%2Fc1-4-7-10%288-5-2%299-6-3%2Fh1-3H%2C7-9H2,9.0,0.653999984264374,2.0,90.2341003417969,0.0,22.0,0.0134560000151396,12.0,7.0,42.0,30.0,1.35000002384186,12.0,-0.11599999666214,0.0
InChI%3D1S%2FC7H8O%2Fc1-6-2-4-7%288%295-3-6%2Fh2-5%2C8H%2C1H3,0.0,2.36700010299683,0.0,8.06669998168945,,7.0,0.033014889806509,6.0,0.0,16.0,8.0,2.11999988555908,6.0,0.181700006127357,0.0
InChI%3D1S%2FC11H16ClO2PS3%2Fc1-3-13-15%2816%2C14-4-2%2918-9-17-11-7-5-10%2812%296-8-11%2Fh5-8H%2C3-4%2C9H2%2C1-2H3,8.0,5.39900016784668,2.0,63.0668983459473,,6.0,11.5899391174316,6.0,11.0,34.0,18.0,1.89999997615814,6.0,3.40440011024475,1.0
InChI%3D1S%2FC11H9N%2Fc1-2-4-10%285-3-1%2911-6-8-12-9-7-11%2Fh1-9H,1.0,1.79499995708466,0.0,55.9019012451172,,12.0,0.534068644046783,12.0,0.0,21.0,13.0,2.55999994277954,12.0,0.730799973011017,0.0
InChI%3D1S%2FC14H20ClNO2%2Fc1-4-11-7-6-8-12%285-2%2914%2811%2916%2810-18-3%2913%2817%299-15%2Fh6-8H%2C4-5%2C9-10H2%2C1-3H3,1.0,3.43099999427795,2.0,143.097305297852,,4.0,0.196160405874252,0.0,2.0,85.0,43.0,4.21000003814697,0.0,0.442900002002716,0.0
InChI%3D1S%2FC12H10OS%2Fc13-14%2811-7-3-1-4-8-11%2912-9-5-2-6-10-12%2Fh1-10H,2.0,0.108000002801418,0.0,69.7322006225586,,14.0,1.93766403198242,12.0,2.0,24.0,15.0,2.55999994277954,12.0,1.39199995994568,0.0
InChI%3D1S%2FC4H9NO%2Fc1-3-4%282%295-6%2Fh6H%2C3H2%2C1-2H3,1.0,0.680999994277954,4.0,24.7532005310059,1.0,3.0,0.0158508103340864,0.0,6.0,15.0,5.0,1.67999994754791,0.0,-0.125900000333786,0.0
InChI%3D1S%2FC8H8O4%2Fc1-12-8%2811%296-3-2-5%289%294-7%286%2910%2Fh2-4%2C9-10H%2C1H3,2.0,0.85699999332428,0.0,17.1175994873047,,11.0,0.827008366584778,6.0,4.0,20.0,12.0,1.89999997615814,6.0,-0.90939998626709,0.0
InChI%3D1S%2FC11H16O%2Fc1-11%282%2C12%299-8-10-6-4-3-5-7-10%2Fh3-7%2C12H%2C8-9H2%2C1-2H3,3.0,4.63500022888184,4.0,25.6497993469238,,6.0,0.204123243689537,6.0,6.0,28.0,12.0,2.55999994277954,6.0,0.451799988746643,0.0
InChI%3D1S%2FC7H4ClFO%2Fc8-6-2-1-3-7%289%295%286%294-10%2Fh1-4H,4.0,3.3289999961853,0.0,70.8383026123047,,11.0,10.2886981964111,6.0,7.0,23.0,16.0,1.24000000953674,6.0,3.20760011672974,0.0
InChI%3D1S%2FCH2Cl2%2Fc2-1-3%2Fh1H2,2.0,0.804000020027161,0.0,47.7925987243652,0.0,9.0,0.624890267848969,6.0,2.0,22.0,11.0,2.00999999046326,6.0,-0.790499985218048,0.0
InChI%3D1S%2FC16H22O4%2Fc1-3-5-10-19-15%2817%2913-8-7-9-14%2812-13%2916%2818%2920-11-6-4-2%2Fh7-9%2C12H%2C3-6%2C10-11H2%2C1-2H3,0.0,1.88199996948242,0.0,52.6082000732422,,9.0,2.5115909576416,6.0,2.0,14.0,11.0,1.78999996185303,6.0,1.58480000495911,0.0
InChI%3D1S%2FC6H10O%2Fc7-6-4-2-1-3-5-6%2Fh1-5H2,3.0,1.6360000371933,0.0,67.7629013061523,0.0,9.0,1.27148175239563,6.0,3.0,26.0,18.0,2.00999999046326,6.0,1.1275999546051,0.0
InChI%3D1S%2FC8H18S2%2Fc1-7%282%2C3%299-10-8%284%2C5%296%2Fh1-6H3,3.0,3.66599988937378,3.0,54.5880012512207,0.0,0.0,10.5521020889282,0.0,10.0,28.0,9.0,2.11999988555908,0.0,3.24839997291565,0.0
InChI%3D1S%2FC14H9Cl5O%2Fc15-11-5-1-9%282-6-11%2913%2820%2C14%2817%2C18%2919%2910-3-7-12%2816%298-4-10%2Fh1-8%2C20H,3.0,6.1100001335144,2.0,37.0377998352051,,6.0,5.91267871856689,12.0,6.0,29.0,21.0,2.33999991416931,12.0,2.43160009384155,1.0
InChI%3D1S%2FC16H12O%2Fc1-3-7-13%288-4-1%2915-11-12-16%2817-15%2914-9-5-2-6-10-14%2Fh1-12H,2.0,3.3050000667572,0.0,80.3831024169922,,17.0,5.30611228942871,17.0,0.0,29.0,19.0,3.10999989509583,17.0,2.3034999370575,0.0
InChI%3D1S%2FC21H16N2%2Fc1-4-10-16%2811-5-1%2919-20%2817-12-6-2-7-13-17%2923-21%2822-19%2918-14-8-3-9-15-18%2Fh1-15H%2C%28H%2C22%2C23%29,3.0,8.98400020599365,0.0,0.0,0.0,6.0,0.0,18.0,0.0,38.0,26.0,3.54999995231628,23.0,0.0,1.0
InChI%3D1S%2FC11H8O2%2Fc1-7-6-10%2812%298-4-2-3-5-9%288%2911%287%2913%2Fh2-6H%2C1H3,0.0,0.672999978065491,0.0,53.7331008911133,,12.0,1.66952240467072,6.0,0.0,21.0,14.0,2.45000004768372,6.0,1.29209995269775,0.0
InChI%3D1S%2FC7H9N%2Fc1-6-2-4-7%288%295-3-6%2Fh2-5H%2C8H2%2C1H3,0.0,2.29999995231628,0.0,9.72420024871826,,7.0,0.0116424104198813,6.0,0.0,17.0,8.0,2.11999988555908,6.0,-0.107900001108646,0.0
InChI%3D1S%2FC6H5N3O4%2Fc7-5-2-1-4%288%2810%2911%293-6%285%299%2812%2913%2Fh1-3H%2C7H2,2.0,,0.0,,,13.0,,6.0,2.0,18.0,13.0,1.35000002384186,6.0,,0.0
InChI%3D1S%2FC10H15N%2Fc1-2-3-4-9-5-7-10%2811%298-6-9%2Fh5-8H%2C2-4%2C11H2%2C1H3,3.0,4.00699996948242,4.0,20.8094005584717,,7.0,1.46942889690399,6.0,4.0,26.0,11.0,2.45000004768372,6.0,-1.21220004558563,0.0