SMILES,nAtom,nAromBond,nAtomLAC,LipinskiFailures,ALogp2,nHBDon,ALogP,naAromAtom,nAtomLC,nAtomP,MLogP,nRotB,AMR,XLogP,nB
InChI%3D1S%2FC15H15ClF3N3O%2Fc1-2-7-23-9-14%2822-6-5-20-10-22%2921-13-4-3-11%2816%298-12%2813%2915%2817%2C18%2919%2Fh3-6%2C8%2C10H%2C2%2C7%2C9H2%2C1H3,42.0,6.0,3.0,0.0,0.606062233448029,,0.778500020503998,6.0,7.0,9.0,2.23000001907349,7.0,85.5746994018555,2.69300007820129,24.0
InChI%3D1S%2FC19H18ClN3O4%2Fc1-25-19%2824%2923%2826-2%2917-6-4-3-5-14%2817%2913-27-18-11-12-22%2821-18%2916-9-7-15%2820%298-10-16%2Fh3-12H%2C13H2%2C1-2H3,45.0,17.0,0.0,0.0,,,,12.0,7.0,11.0,2.67000007629395,8.0,,4.63500022888184,29.0
InChI%3D1S%2FC12H12N2.2BrH%2Fc1-3-7-13-9-10-14-8-4-2-6-12%2814%2911%2813%295-1%3B%3B%2Fh1-8H%2C9-10H2%3B2%2A1H%2Fq%2B2%3B%3B%2Fp-2,14.0,0.0,2.0,0.0,,,,0.0,10.0,0.0,0.800000011920929,3.0,,4.30299997329712,9.0
InChI%3D1S%2FC16H14F5N5O5S%2Fc1-29-10-6-22-15%2830-2%2926-13%2810%2923-14%2824-26%2925-32%2827%2C28%2912-8%2816%2819%2C20%2921%294-3-5-9%2812%2931-7-11%2817%2918%2Fh3-6%2C11H%2C7H2%2C1-2H3%2C%28H%2C24%2C25%29,46.0,16.0,2.0,0.0,,,,15.0,5.0,22.0,1.46000003814697,9.0,,2.72199988365173,34.0
InChI%3D1S%2FC12H11N%2Fc1-3-7-11%288-4-1%2913-12-9-5-2-6-10-12%2Fh1-10%2C13H,46.0,6.0,3.0,0.0,3.60000012733508e-05,,-0.00600000005215406,6.0,9.0,10.0,3.0,7.0,86.0852966308594,3.09100008010864,21.0
InChI%3D1S%2FC15H19N3O4%2Fc1-8%282%2915%283%2914%2821%2917-12%2818-15%2911-10%2813%2819%2920%295-9%286-16-11%297-22-4%2Fh5-6%2C8H%2C7H2%2C1-4H3%2C%28H%2C19%2C20%29%28H%2C17%2C18%2C21%29,28.0,0.0,0.0,0.0,0.758466839790344,,-0.870899975299835,0.0,0.0,6.0,1.67999994754791,0.0,48.9063987731934,-1.36300003528595,15.0
InChI%3D1S%2FC9H10ClN5O2%2Fc10-8-2-1-7%285-12-8%296-14-4-3-11-9%2814%2913-15%2816%2917%2Fh1-2%2C5H%2C3-4%2C6H2%2C%28H%2C11%2C13%29,27.0,6.0,0.0,0.0,0.685087263584137,,0.827700018882751,6.0,4.0,7.0,1.57000005245209,4.0,139.38020324707,2.48499989509583,18.0
InChI%3D1S%2FC19H24O3%2Fc1-7-8-13-12%284%2916%2810-15%2813%2920%2922-18%2821%2917-14%289-11%282%293%2919%2817%2C5%296%2Fh1%2C9%2C14%2C16-17H%2C8%2C10H2%2C2-6H3,47.0,12.0,2.0,0.0,11.2004013061523,0.0,3.34669995307922,12.0,6.0,13.0,3.10999989509583,7.0,118.564903259277,4.00799989700317,31.0
InChI%3D1S%2FC18H12Cl2N2O%2Fc19-13-9-7-12%288-10-13%2914-4-1-2-6-16%2814%2922-18%2823%2915-5-3-11-21-17%2815%2920%2Fh1-11H%2C%28H%2C22%2C23%29,64.0,0.0,5.0,0.0,0.0139004103839397,,0.117899999022484,0.0,17.0,4.0,2.67000007629395,7.0,101.580596923828,1.61300003528595,25.0
InChI%3D1S%2FC21H16ClFN4O5%2Fc1-28-26-18%2821-27-30-11-10-29-21%2913-6-2-4-8-15%2813%2931-19-17%2823%2920%2825-12-24-19%2932-16-9-5-3-7-14%2816%2922%2Fh2-9%2C12H%2C10-11H2%2C1H3,48.0,18.0,0.0,1.0,4.06869220733643,,2.0171000957489,18.0,4.0,27.0,2.55999994277954,7.0,81.5680999755859,6.18900012969971,35.0
InChI%3D1S%2FC17H25NO2%2Fc1-3-5-6-11%284-2%2910-18-16%2819%2914-12-7-8-13%289-12%2915%2814%2917%2818%2920%2Fh7-8%2C11-15H%2C3-6%2C9-10H2%2C1-2H3,45.0,0.0,7.0,0.0,3.72490000724792,0.0,-1.92999994754791,0.0,8.0,5.0,3.0,6.0,72.9148025512695,3.49300003051758,22.0
InChI%3D1S%2FC7H13N3O3S%2Fc1-8-7%2812%2913-9-5%2814-4%296%2811%2910%282%293%2Fh1-4H3%2C%28H%2C8%2C12%29,45.0,12.0,0.0,0.0,0.0519840009510517,1.0,0.228000000119209,12.0,3.0,9.0,2.55999994277954,5.0,102.843399047852,-0.0810000002384186,26.0
InChI%3D1S%2FC11H15BrClO3PS%2Fc1-3-7-18-17%2814%2C15-4-2%2916-11-6-5-9%2812%298-10%2811%2913%2Fh5-6%2C8H%2C3-4%2C7H2%2C1-2H3,33.0,12.0,0.0,0.0,0.528819859027863,,0.727199971675873,12.0,0.0,13.0,2.89000010490417,0.0,82.7920989990234,1.48500001430511,22.0
InChI%3D1S%2FC15H18ClN3O%2Fc1-11%2812-2-3-12%2915%2820%2C8-19-10-17-9-18-19%2913-4-6-14%2816%297-5-13%2Fh4-7%2C9-12%2C20H%2C2-3%2C8H2%2C1H3,34.0,6.0,3.0,0.0,,,-0.606299996376038,6.0,3.0,14.0,2.23000001907349,3.0,,0.982999980449677,20.0
InChI%3D1S%2FC15H18N6O6S%2Fc1-4-27-15-19-12%2816-2%2917-13%2820-15%2918-14%2823%2921-28%2824%2C25%2910-8-6-5-7-9%2810%2911%2822%2926-3%2Fh5-8H%2C4H2%2C1-3H3%2C%28H3%2C16%2C17%2C18%2C19%2C20%2C21%2C23%29,41.0,6.0,3.0,0.0,4.31351375579834,,2.07690000534058,6.0,7.0,14.0,1.67999994754791,8.0,112.846900939941,2.83800005912781,24.0
InChI%3D1S%2FC10H12ClNO2%2Fc1-7%282%2914-10%2813%2912-9-5-3-4-8%2811%296-9%2Fh3-7H%2C1-2H3%2C%28H%2C12%2C13%29,26.0,0.0,3.0,0.0,3.39554333686829,,-1.84270000457764,0.0,4.0,2.0,2.00999999046326,3.0,47.7690010070801,-2.11299991607666,15.0
InChI%3D1S%2FC7H3Cl2N%2Fc8-6-2-1-3-7%289%295%286%294-10%2Fh1-3H,26.0,0.0,3.0,0.0,3.39554333686829,,-1.84270000457764,0.0,4.0,2.0,2.00999999046326,3.0,47.7690010070801,-2.11299991607666,15.0
InChI%3D1S%2FC9H20N2O2.ClH%2Fc1-4-8-13-9%2812%2910-6-5-7-11%282%293%3B%2Fh4-8H2%2C1-3H3%2C%28H%2C10%2C12%29%3B1H,35.0,0.0,3.0,0.0,0.00073441001586616,1.0,-0.0271000005304813,0.0,13.0,4.0,1.89999997615814,7.0,49.7907981872559,1.80299997329712,12.0
InChI%3D1S%2FC13H16F3N3O4%2Fc1-3-5-17%286-4-2%2912-10%2818%2820%2921%297-9%2813%2814%2C15%2916%298-11%2812%2919%2822%2923%2Fh7-8H%2C3-6H2%2C1-2H3,39.0,6.0,3.0,0.0,,,,6.0,7.0,13.0,1.78999996185303,8.0,,,23.0
InChI%3D1S%2FC6H8Cl6%2Fc7-2-1-3%2812-11%295%289%296%2810%294%282%298%2Fh2-6%2C12H%2C1H2,12.0,0.0,0.0,0.0,,,,0.0,2.0,0.0,1.46000003814697,1.0,,,12.0
InChI%3D1S%2FC17H20ClN3O%2Fc1-16%282%298-7-14%289-13-3-5-15%2818%296-4-13%2917%2816%2C22%2910-21-12-19-11-20-21%2Fh3-6%2C9%2C11-12%2C22H%2C7-8%2C10H2%2C1-2H3,42.0,11.0,0.0,0.0,1.78249204158783,,1.33510005474091,6.0,0.0,8.0,2.77999997138977,3.0,50.5474014282227,3.03900003433228,24.0
InChI%3D1S%2FC9H8N4OS%2Fc14-9%2812-8-6-10-13-15-8%2911-7-4-2-1-3-5-7%2Fh1-6H%2C%28H2%2C11%2C12%2C14%29,65.0,6.0,3.0,0.0,,,2.97769999504089,6.0,3.0,8.0,4.32000017166138,2.0,,3.79500007629395,36.0
InChI%3D1S%2FC22H17N3O5%2Fc1-27-13-17%2822%2826%2928-2%2916-8-4-6-10-19%2816%2930-21-11-20%2824-14-25-21%2929-18-9-5-3-7-15%2818%2912-23%2Fh3-11%2C13-14H%2C1-2H3,47.0,18.0,3.0,1.0,0.316856414079666,,-0.562900006771088,18.0,8.0,28.0,3.0,8.0,97.2837982177734,5.03000020980835,32.0
InChI%3D1S%2FC2H8NO2PS%2Fc1-5-6%283%2C4%297-2%2Fh1-2H3%2C%28H2%2C3%2C4%29,15.0,0.0,0.0,0.0,0.0144961597397923,1.0,0.120399996638298,0.0,7.0,4.0,1.12999999523163,2.0,29.9951992034912,-0.545000016689301,6.0
InChI%3D1S%2FC7H16N.ClH%2Fc1-8%282%296-4-3-5-7-8%3B%2Fh3-7H2%2C1-2H3%3B1H%2Fq%2B1%3B%2Fp-1,25.0,0.0,0.0,0.0,,,,0.0,0.0,0.0,2.00999999046326,0.0,,1.24800002574921,8.0
InChI%3D1S%2FC15H17ClN4%2Fc1-2-3-8-15%289-17%2C10-20-12-18-11-19-20%2913-4-6-14%2816%297-5-13%2Fh4-7%2C11-12H%2C2-3%2C8%2C10H2%2C1H3,37.0,11.0,6.0,0.0,3.08353590965271,,-0.0283000003546476,6.0,8.0,6.0,2.55999994277954,6.0,48.9101982116699,3.53099989891052,21.0
InChI%3D1S%2FC21H23F2NO2%2Fc1-5-25-18-11-13%2821%282%2C3%294%299-10-14%2818%2917-12-26-20%2824-17%2919-15%2822%297-6-8-16%2819%2923%2Fh6-11%2C17H%2C5%2C12H2%2C1-4H3,24.0,12.0,0.0,0.0,4.6302433013916,,2.15179991722107,12.0,2.0,14.0,2.77999997138977,2.0,64.8173980712891,2.26600003242493,15.0
InChI%3D1S%2FC17H16F3NO2%2Fc1-11%282%2923-13-7-5-6-12%2810-13%2921-16%2822%2914-8-3-4-9-15%2814%2917%2818%2C19%2920%2Fh3-11H%2C1-2H3%2C%28H%2C21%2C22%29,37.0,6.0,0.0,0.0,4.47618627548218,,2.11570000648499,6.0,2.0,14.0,2.33999991416931,3.0,82.2892990112305,1.16400003433228,21.0
InChI%3D1S%2FC24H27N3O4%2Fc1-17-21%2822%2827%285%2926-17%2930-20-9-7-6-8-10-20%2915-25-29-16-18-11-13-19%2814-12-18%2923%2828%2931-24%282%2C3%294%2Fh6-15H%2C16H2%2C1-5H3,18.0,6.0,0.0,0.0,5.27253437042236,,2.29620003700256,6.0,0.0,6.0,2.33999991416931,0.0,39.5197982788086,2.8659999370575,8.0
InChI%3D1S%2FC17H24ClNO4%2Fc1-2-14%2819-23-7-3-6-18%2917-15%2820%2910-13%2811-16%2817%2921%2912-4-8-22-9-5-12%2Fh3%2C6%2C12-13%2C20H%2C2%2C4-5%2C7-11H2%2C1H3,45.0,12.0,3.0,0.0,3.92713499069214,,1.98169994354248,12.0,6.0,13.0,3.22000002861023,4.0,102.099197387695,2.96600008010864,24.0
InChI%3D1S%2FC14H16ClN5O5S%2Fc1-9-16-12%2819-14%2817-9%2924-2%2918-13%2821%2920-26%2822%2C23%2911-6-4-3-5-10%2811%2925-8-7-15%2Fh3-6H%2C7-8H2%2C1-2H3%2C%28H2%2C16%2C17%2C18%2C19%2C20%2C21%29,16.0,6.0,0.0,0.0,1.65559685230255,,1.28670001029968,6.0,0.0,7.0,2.11999988555908,0.0,36.8432998657227,1.12699997425079,8.0
InChI%3D1S%2FC22H18Cl2FNO3%2Fc1-22%282%2915%2811-19%2823%2924%2920%2822%2921%2827%2929-18%2812-26%2913-8-9-16%2825%2917%2810-13%2928-14-6-4-3-5-7-14%2Fh3-11%2C15%2C18%2C20H%2C1-2H3,17.0,6.0,0.0,0.0,0.764050781726837,,0.874100029468536,6.0,0.0,7.0,2.23000001907349,0.0,39.8465003967285,1.067999958992,10.0
InChI%3D1S%2FC13H11ClO%2Fc14-12-6-7-13%2815%2911%289-12%298-10-4-2-1-3-5-10%2Fh1-7%2C9%2C15H%2C8H2,23.0,0.0,4.0,0.0,0.00115599995478988,,-0.034000001847744,0.0,11.0,4.0,1.57000005245209,4.0,39.0854988098145,-0.247999995946884,10.0
InChI%3D1S%2FC12H9Cl2NO3%2Fc1-3-12%282%2910%2816%2915%2811%2817%2918-12%299-5-7%2813%294-8%2814%296-9%2Fh3-6H%2C1H2%2C2H3,67.0,18.0,4.0,0.0,4.72845029830933,,2.17449998855591,18.0,8.0,6.0,4.09999990463257,8.0,147.555892944336,3.77699995040894,37.0
InChI%3D1S%2FC17H21N5O9S2%2Fc1-29-13-8-14%2830-2%2920-16%2819-13%2921-17%2824%2922-33%2827%2C28%2912-7-10%289-18-32%284%2C25%2926%295-6-11%2812%2915%2823%2931-3%2Fh5-8%2C18H%2C9H2%2C1-4H3%2C%28H2%2C19%2C20%2C21%2C22%2C24%29,54.0,12.0,0.0,2.0,0.994009017944336,,-0.996999979019165,12.0,7.0,24.0,1.57000005245209,11.0,115.646598815918,-1.60800004005432,34.0
InChI%3D1S%2FC9H4Cl3NO2S%2Fc10-9%2811%2C12%2916-13-7%2814%295-3-1-2-4-6%285%298%2813%2915%2Fh1-4H,20.0,6.0,0.0,0.0,8.59251976013184,,2.93129992485046,6.0,5.0,11.0,1.67999994754791,2.0,40.8891983032227,3.80200004577637,17.0
InChI%3D1S%2FC20H19F3N2O4%2Fc1-13%2814-8-6-9-16%2811-14%2920%2821%2C22%2923%2924-29-12-15-7-4-5-10-17%2815%2918%2825-28-3%2919%2826%2927-2%2Fh4-11H%2C12H2%2C1-3H3,48.0,12.0,2.0,1.0,0.509367704391479,,0.713699996471405,12.0,8.0,12.0,2.67000007629395,9.0,50.7006988525391,7.20800018310547,30.0
InChI%3D1S%2FC13H17F3N4O4%2Fc1-3-5-18%286-4-2%2911-9%2819%2821%2922%297-8%2813%2814%2C15%2916%2910%2817%2912%2811%2920%2823%2924%2Fh7H%2C3-6%2C17H2%2C1-2H3,41.0,6.0,3.0,0.0,,,,6.0,7.0,14.0,1.67999994754791,8.0,,4.6729998588562,24.0
InChI%3D1S%2F2C10H12O5.Ca%2Fc2%2A1-2-6%2811%299-7%2812%293-5%2810%2814%2915%294-8%289%2913%3B%2Fh2%2A5%2C9H%2C2-4H2%2C1H3%2C%28H%2C14%2C15%29%3B%2Fq%3B%3B%2B2%2Fp-2,53.0,0.0,3.0,0.0,,0.0,,0.0,4.0,2.0,2.45000004768372,6.0,,-4.22599983215332,30.0
InChI%3D1S%2FC16H13ClF4N2O4%2Fc1-3-26-14%2824%297-27-13-5-12%2811%2818%294-10%2813%2917%2923-15%2825%298%282%299%286-22-23%2916%2819%2C20%2921%2Fh4-6H%2C3%2C7H2%2C1-2H3,40.0,6.0,2.0,0.0,5.18655061721802,,2.27740001678467,6.0,7.0,14.0,2.00999999046326,7.0,63.7589988708496,3.32800006866455,28.0
InChI%3D1S%2FC15H15ClFN3O3S2%2Fc1-23-13%2821%298-24-12-7-11%2810%2817%296-9%2812%2916%2918-14-19-4-2-3-5-20%2819%2915%2822%2925-14%2Fh6-7H%2C2-5%2C8H2%2C1H3,24.0,0.0,4.0,0.0,,,,0.0,9.0,1.0,2.00999999046326,3.0,,0.160999998450279,8.0
InChI%3D1S%2FC8H6N2OS2%2Fc1-12-8%2811%295-3-2-4-6-7%285%2913-10-9-6%2Fh2-4H%2C1H3,21.0,6.0,0.0,0.0,0.401195555925369,,0.633400022983551,6.0,4.0,10.0,1.78999996185303,2.0,61.2163009643555,1.43900001049042,14.0
InChI%3D1S%2FC10H18N4O4S3%2Fc1-7%2819-5%2911-17-9%2815%2913%283%2921-14%284%2910%2816%2918-12-8%282%2920-6%2Fh1-6H3,39.0,0.0,0.0,0.0,4.41924476623535,0.0,2.10220003128052,0.0,21.0,6.0,1.35000002384186,10.0,86.9989013671875,2.70099997520447,20.0
InChI%3D1S%2FC15H21NO4%2Fc1-10-7-6-8-11%282%2914%2810%2916%2813%2817%299-19-4%2912%283%2915%2818%2920-5%2Fh6-8%2C12H%2C9H2%2C1-5H3,11.0,0.0,3.0,0.0,3.69908285140991,,1.92330002784729,0.0,8.0,0.0,1.24000000953674,2.0,22.62619972229,3.37700009346008,7.0
InChI%3D1S%2FC2H6ClO3P%2Fc3-1-2-7%284%2C5%296%2Fh1-2H2%2C%28H2%2C4%2C5%2C6%29,13.0,0.0,2.0,0.0,0.254722088575363,2.0,-0.504700005054474,0.0,7.0,4.0,1.12999999523163,2.0,24.5312995910645,-0.551999986171722,6.0
InChI%3D1S%2FC13H4Cl2F6N4O4%2Fc14-6-1-4%2812%2816%2C17%2918%293-22-11%286%2923-9-7%2824%2826%2927%292-5%2813%2819%2C20%2921%298%2815%2910%289%2925%2828%2929%2Fh1-3H%2C%28H%2C22%2C23%29,33.0,12.0,0.0,1.0,10.0565090179443,,3.17120003700256,12.0,3.0,19.0,1.12999999523163,6.0,33.1720008850098,7.5019998550415,30.0
InChI%3D1S%2FC9H10Cl2N2O2%2Fc1-13%2815-2%299%2814%2912-6-3-4-7%2810%298%2811%295-6%2Fh3-5H%2C1-2H3%2C%28H%2C12%2C14%29,25.0,6.0,0.0,0.0,2.14505314826965,,1.46459996700287,6.0,7.0,11.0,1.78999996185303,3.0,35.2211990356445,2.39100003242493,15.0
InChI%3D1S%2FC10H11ClN4%2Fc1-8%2814-7-12%2915%282%296-9-3-4-10%2811%2913-5-9%2Fh3-5H%2C6H2%2C1-2H3,26.0,6.0,2.0,0.0,0.0197121594101191,,-0.140400007367134,6.0,8.0,6.0,2.00999999046326,3.0,62.1375999450684,0.601999998092651,15.0
InChI%3D1S%2FC14H17N3O3%2Fc1-7%282%2914%284%2913%2820%2916-11%2817-14%2910-9%2812%2818%2919%295-8%283%296-15-10%2Fh5-7H%2C1-4H3%2C%28H%2C18%2C19%29%28H%2C16%2C17%2C20%29,37.0,6.0,0.0,0.0,0.0528080388903618,,-0.0531999990344048,6.0,2.0,14.0,2.33999991416931,3.0,95.2453002929688,1.16400003433228,21.0
InChI%3D1S%2FC9H5Cl3N4%2Fc10-5-3-1-2-4-6%285%2913-9-15-7%2811%2914-8%2812%2916-9%2Fh1-4H%2C%28H%2C13%2C14%2C15%2C16%29,21.0,6.0,0.0,0.0,4.63153457641602,,2.15210008621216,6.0,0.0,13.0,1.67999994754791,1.0,67.9713973999023,1.90400004386902,17.0
InChI%3D1S%2FC14H17N5O7S2%2Fc1-4-27%2821%2C22%299-6-5-7-15-12%289%2928%2823%2C24%2919-14%2820%2918-13-16-10%2825-2%298-11%2817-13%2926-3%2Fh5-8H%2C4H2%2C1-3H3%2C%28H2%2C16%2C17%2C18%2C19%2C20%29,15.0,6.0,0.0,0.0,9.88976669311523,,3.14479994773865,6.0,2.0,6.0,1.78999996185303,1.0,54.5499992370605,2.80200004577637,11.0
InChI%3D1S%2FC10H15O3PS2%2Fc1-8-7-9%285-6-10%288%2916-4%2913-14%2815%2C11-2%2912-3%2Fh5-7H%2C1-4H3,62.0,12.0,3.0,0.0,2.62861371040344,,-1.62129998207092,12.0,5.0,11.0,2.77999997138977,7.0,129.882797241211,0.774999976158142,35.0
InChI%3D1S%2FC20H27NO3%2Fc1-6-16%2821-24-7-2%2920-17%2822%2910-15%2811-18%2820%2923%2919-13%284%298-12%283%299-14%2819%295%2Fh8-9%2C15%2C22H%2C6-7%2C10-11H2%2C1-5H3,49.0,6.0,3.0,0.0,6.14246654510498,,2.47839999198914,6.0,7.0,16.0,3.22000002861023,5.0,100.940002441406,4.28700017929077,25.0
InChI%3D1S%2FC25H22ClNO3%2Fc1-17%282%2924%2818-11-13-20%2826%2914-12-18%2925%2828%2930-23%2816-27%2919-7-6-10-22%2815-19%2929-21-8-4-3-5-9-21%2Fh3-15%2C17%2C23-24H%2C1-2H3,5.0,0.0,0.0,0.0,0.51609855890274,,0.718400001525879,0.0,3.0,0.0,1.24000000953674,0.0,45.6068992614746,3.68799996376038,3.0
InChI%3D1S%2FC12H20N4O2%2Fc1-14%282%2910-13-11%2817%2916%2812%2818%2915%2810%293%299-7-5-4-6-8-9%2Fh9H%2C4-8H2%2C1-3H3,40.0,0.0,0.0,0.0,1.43041598796844,1.0,-1.19599997997284,0.0,2.0,7.0,2.11999988555908,2.0,58.717098236084,0.925999999046326,19.0
InChI%3D1S%2FC10H11N5O%2Fc1-8-7-15%2810%2816%2914-13-8%2912-6-9-3-2-4-11-5-9%2Fh2-6H%2C7H2%2C1H3%2C%28H%2C14%2C16%29,26.0,12.0,0.0,0.0,0.0841000005602837,,-0.28999999165535,12.0,2.0,15.0,1.89999997615814,2.0,61.560001373291,0.935000002384186,17.0
InChI%3D1S%2FC6H12N2O3%2Fc1-8%282%297-5%289%293-4-6%2810%2911%2Fh3-4H2%2C1-2H3%2C%28H%2C7%2C9%29%28H%2C10%2C11%29,23.0,0.0,4.0,0.0,0.00115599995478988,2.0,-0.034000001847744,0.0,11.0,4.0,1.57000005245209,4.0,39.0854988098145,-0.247999995946884,10.0
InChI%3D1S%2FC7H13O6P%2Fc1-6%285-7%288%2910-2%2913-14%289%2C11-3%2912-4%2Fh5H%2C1-4H3,27.0,0.0,4.0,0.0,0.221746817231178,0.0,0.470899999141693,0.0,14.0,10.0,1.46000003814697,6.0,49.6941986083984,0.0430000014603138,13.0
InChI%3D1S%2FC15H14Cl2F3N3O3%2Fc1-3-26-13%2824%2910%2817%294-8-5-12%2811%2818%296-9%288%2916%2923-15%2825%2922%2814%2819%2920%297%282%2921-23%2Fh5-6%2C10%2C14H%2C3-4H2%2C1-2H3,40.0,6.0,3.0,0.0,2.28856372833252,,1.51279997825623,6.0,8.0,12.0,1.89999997615814,7.0,29.534200668335,3.81399989128113,27.0
InChI%3D1S%2FC10H19N5O%2Fc1-6%282%2911-8-13-9%2812-7%283%294%2915-10%2814-8%2916-5%2Fh6-7H%2C1-5H3%2C%28H2%2C11%2C12%2C13%2C14%2C15%29,35.0,0.0,0.0,0.0,2.91600008495152e-05,,0.00540000014007092,0.0,4.0,9.0,1.89999997615814,3.0,60.6497993469238,2.42899990081787,16.0
InChI%3D1S%2FC14H24NO4PS3%2Fc1-12%282%2918-20%2821%2C19-13%283%294%2922-11-10-15-23%2816%2C17%2914-8-6-5-7-9-14%2Fh5-9%2C12-13%2C15H%2C10-11H2%2C1-4H3,40.0,12.0,0.0,0.0,5.48730611801147,,2.34249997138977,12.0,0.0,7.0,3.22000002861023,0.0,91.2071990966797,2.16199994087219,23.0
InChI%3D1S%2FC7H10N4O3%2Fc1-3-9-7%2813%2910-6%2812%295%284-8%2911-14-2%2Fh3H2%2C1-2H3%2C%28H2%2C9%2C10%2C12%2C13%29,26.0,6.0,0.0,0.0,0.953161716461182,2.0,-0.976300001144409,6.0,0.0,6.0,2.33999991416931,1.0,48.6941986083984,0.273999989032745,13.0
InChI%3D1S%2FC11H15N3O2.ClH%2Fc1-12-11%2815%2916-10-6-4-5-9%287-10%2913-8-14%282%293%3B%2Fh4-8H%2C1-3H3%2C%28H%2C12%2C15%29%3B1H,10.0,0.0,2.0,0.0,3.43731594085693,,1.85399997234344,0.0,6.0,0.0,1.12999999523163,1.0,16.7623996734619,2.91199994087219,5.0
InChI%3D1S%2FC19H23N3%2Fc1-14-6-8-18%2816%283%2910-14%2920-12-22%285%2913-21-19-9-7-15%282%2911-17%2819%294%2Fh6-13H%2C1-5H3,53.0,6.0,2.0,0.0,0.401195555925369,,0.633400022983551,6.0,3.0,17.0,3.10999989509583,4.0,61.2163009643555,1.43900001049042,30.0
InChI%3D1S%2FC16H17F5N2O2S%2Fc1-7%282%296-8-9%2815%2824%2925-3%2911%2813%2817%2918%2923-12%2816%2819%2C20%2921%2910%288%2914-22-4-5-26-14%2Fh7%2C13H%2C4-6H2%2C1-3H3,25.0,6.0,2.0,0.0,7.99701833724976,,2.82789993286133,6.0,5.0,6.0,2.23000001907349,3.0,89.1277008056641,-0.177000001072884,11.0
InChI%3D1S%2FC15H20ClN3O%2Fc1-15%282%2C3%2914%2820%2913%2819-10-17-9-18-19%298-11-4-6-12%2816%297-5-11%2Fh4-7%2C9-10%2C13-14%2C20H%2C8H2%2C1-3H3,44.0,6.0,5.0,0.0,3.30294275283813,,1.8173999786377,6.0,8.0,6.0,2.55999994277954,5.0,85.7703018188477,1.95700001716614,21.0
InChI%3D1S%2FC17H21ClN2O2S%2Fc1-11-15%2812-7-9-13%2818%2910-8-12%2923-17%2822%2920%2811%2916%2821%2919-14-5-3-2-4-6-14%2Fh7-11%2C14-15H%2C2-6H2%2C1H3%2C%28H%2C19%2C21%29,13.0,0.0,0.0,0.0,1.35536158084869,,1.16419994831085,0.0,0.0,0.0,1.67999994754791,0.0,32.1264991760254,2.30599999427795,6.0
InChI%3D1S%2FC22H17ClF3N3O7%2Fc1-33-18%2830%2921-10-12-9-13%2823%293-8-16%2812%2917%2821%2927-28%2811-35-21%2919%2831%2929%2820%2832%2934-2%2914-4-6-15%287-5-14%2936-22%2824%2C25%2926%2Fh3-9H%2C10-11H2%2C1-2H3,53.0,12.0,0.0,1.0,6.37057590484619,,2.5239999294281,12.0,7.0,22.0,2.33999991416931,9.0,67.4766006469727,5.29500007629395,39.0
InChI%3D1S%2FC12H17NO%2Fc1-4-13%285-2%2912%2814%2911-8-6-7-10%283%299-11%2Fh6-9H%2C4-5H2%2C1-3H3,43.0,6.0,2.0,0.0,0.394258409738541,,0.627900004386902,6.0,5.0,7.0,2.33999991416931,5.0,89.6020965576172,0.685000002384186,26.0
InChI%3D1S%2FC6H4Cl2N2O2%2Fc7-4-1-3%2810%2811%2912%292-5%288%296%284%299%2Fh1-2H%2C9H2,16.0,6.0,0.0,0.0,0.479002416133881,,0.692099988460541,6.0,2.0,10.0,1.46000003814697,1.0,81.5868988037109,1.84500002861023,12.0
InChI%3D1S%2FC17H14ClF7O2%2Fc1-6-11%2819%2913%2821%297%2814%2822%2912%286%2920%295-27-15%2826%2910-8%2816%2810%2C2%293%294-9%2818%2917%2823%2C24%2925%2Fh4%2C8%2C10H%2C5H2%2C1-3H3,29.0,6.0,0.0,0.0,2.01129126548767,,1.41820001602173,6.0,8.0,10.0,1.35000002384186,5.0,72.1449966430664,-0.136999994516373,20.0
InChI%3D1S%2FC14H17Cl2N3O%2Fc1-2-3-6-14%2820%2C8-19-10-17-9-18-19%2912-5-4-11%2815%297-13%2812%2916%2Fh4-5%2C7%2C9-10%2C20H%2C2-3%2C6%2C8H2%2C1H3,24.0,6.0,0.0,0.0,3.32734084129333,,1.82410001754761,6.0,6.0,10.0,1.89999997615814,2.0,62.086799621582,2.31599998474121,14.0
InChI%3D1S%2FC8H14ClN5%2Fc1-4-10-7-12-6%289%2913-8%2814-7%2911-5%282%293%2Fh5H%2C4H2%2C1-3H3%2C%28H2%2C10%2C11%2C12%2C13%2C14%29,34.0,12.0,3.0,0.0,0.955310761928558,2.0,0.977400004863739,12.0,4.0,13.0,2.67000007629395,3.0,91.1882019042969,2.3970000743866,21.0
InChI%3D1S%2FC12H7Cl3O2%2Fc13-7-1-3-11%289%2815%295-7%2917-12-4-2-8%2814%296-10%2812%2916%2Fh1-6%2C16H,24.0,12.0,0.0,0.0,2.61954236030579,,1.61849999427795,12.0,0.0,14.0,2.23000001907349,2.0,21.0305004119873,4.00899982452393,18.0
InChI%3D1S%2FC9H17N5S%2Fc1-5-10-7-12-8%2811-6%282%293%2914-9%2813-7%2915-4%2Fh6H%2C5H2%2C1-4H3%2C%28H2%2C10%2C11%2C12%2C13%2C14%29,32.0,0.0,2.0,0.0,0.565504014492035,2.0,0.751999974250793,0.0,4.0,8.0,1.78999996185303,3.0,61.7948989868164,2.24799990653992,15.0
InChI%3D1S%2FC14H20ClNO2%2Fc1-4-11-7-6-8-12%285-2%2914%2811%2916%2810-18-3%2913%2817%299-15%2Fh6-8H%2C4-5%2C9-10H2%2C1-3H3,38.0,6.0,2.0,0.0,0.196160405874252,,1.04059994220734,6.0,8.0,9.0,2.55999994277954,7.0,143.097305297852,2.22199988365173,18.0
InChI%3D1S%2FC17H20N2O3%2Fc1-12%282%2922-17%2820%2919-18-15-11-14%289-10-16%2815%2921-3%2913-7-5-4-6-8-13%2Fh4-12%2C18H%2C1-3H3%2C%28H%2C19%2C20%29,42.0,12.0,0.0,1.0,0.00242064008489251,,0.0491999983787537,12.0,8.0,18.0,2.77999997138977,6.0,35.638801574707,7.14900016784668,23.0
InChI%3D1S%2FC12H21N2O3PS%2Fc1-6-15-18%2819%2C16-7-2%2917-11-8-10%285%2913-12%2814-11%299%283%294%2Fh8-9H%2C6-7H2%2C1-5H3,19.0,0.0,0.0,0.0,0.0244922507554293,,-0.156499996781349,0.0,1.0,0.0,1.89999997615814,1.0,31.7752990722656,2.0239999294281,8.0
InChI%3D1S%2FC8H6Cl2O3%2Fc1-13-7-5%2810%293-2-4%289%296%287%298%2811%2912%2Fh2-3H%2C1H3%2C%28H%2C11%2C12%29,19.0,6.0,0.0,0.0,,,1.20679998397827,6.0,2.0,10.0,1.78999996185303,2.0,,1.74300003051758,13.0
InChI%3D1S%2FC6H3Cl4N%2Fc7-5-3-1-2-4%2811-5%296%288%2C9%2910%2Fh1-3H,29.0,0.0,9.0,0.0,3.42249989509583,,-1.85000002384186,0.0,13.0,3.0,2.00999999046326,8.0,61.560001373291,1.71300005912781,12.0
InChI%3D1S%2FC14H14IN5O6S.Na%2Fc1-7-16-12%2819-14%2817-7%2926-3%2918-13%2822%2920-27%2823%2C24%2910-6-8%2815%294-5-9%2810%2911%2821%2925-2%3B%2Fh4-6H%2C1-3H3%2C%28H2%2C16%2C17%2C18%2C19%2C20%2C22%29%3B%2Fq%3B%2B1%2Fp-1,41.0,6.0,0.0,1.0,,,,6.0,7.0,23.0,1.46000003814697,6.0,,1.86199998855591,28.0
InChI%3D1S%2FC49H74NO13.C7H6O2%2Fc1-12-26%282%2944-29%285%2918-19-48%2863-44%2924-35-21-34%2862-48%2917-16-28%284%2943%2827%283%2914-13-15-33-25-56-46-42%2851%2930%286%2920-36%2847%2852%2959-35%2949%2833%2C46%2953%2960-40-23-38%2855-11%2945%2832%288%2958-40%2961-39-22-37%2854-10%2941%2850-9%2931%287%2957-39%3B8-7%289%296-4-2-1-3-5-6%2Fh13-16%2C18-20%2C26-27%2C29%2C31-32%2C34-46%2C51%2C53H%2C12%2C17%2C21-25H2%2C1-11H3%3B1-5H%2C%28H%2C8%2C9%29%2Fq%2B1%3B%2Fp-1,154.0,6.0,4.0,1.0,0.26112100481987,,-0.510999977588654,6.0,4.0,9.0,5.8600001335144,10.0,260.960998535156,3.54999995231628,78.0
InChI%3D1S%2FCH2N2%2Fc2-1-3%2Fh2H2,12.0,0.0,4.0,0.0,0.094249002635479,1.0,-0.307000011205673,0.0,6.0,2.0,1.67999994754791,0.0,23.117000579834,-0.879999995231628,5.0
InChI%3D1S%2FC13H13ClN4O2S%2Fc1-9-4-6-10%287-5-9%2912-13%2814%2916-11%288-15%2918%2812%2921%2819%2C20%2917%282%293%2Fh4-7H%2C1-3H3,35.0,6.0,0.0,0.0,0.830285429954529,,0.911199986934662,6.0,6.0,16.0,2.00999999046326,3.0,84.6510009765625,1.32500004768372,22.0
InChI%3D1S%2FC12H13NO2S%2Fc1-9-11%2816-8-7-15-9%2912%2814%2913-10-5-3-2-4-6-10%2Fh2-6H%2C7-8H2%2C1H3%2C%28H%2C13%2C14%29,29.0,6.0,0.0,0.0,0.153507232666016,,0.391799986362457,6.0,3.0,12.0,2.33999991416931,2.0,,3.7739999294281,17.0
InChI%3D1S%2FC22H19Cl2NO3%2Fc1-22%282%2917%2812-19%2823%2924%2920%2822%2921%2826%2928-18%2813-25%2914-7-6-10-16%2811-14%2927-15-8-4-3-5-9-15%2Fh3-12%2C17-18%2C20H%2C1-2H3,17.0,6.0,0.0,0.0,2.95599246025085,,1.71930003166199,6.0,2.0,11.0,1.57000005245209,1.0,59.0901985168457,6.90899991989136,11.0
InChI%3D1S%2FC17H20N6O7S%2Fc1-23%282%2915%2825%2911-6-5-10%2818-9-24%297-12%2811%2931%2827%2C28%2922-17%2826%2921-16-19-13%2829-3%298-14%2820-16%2930-4%2Fh5-9H%2C1-4H3%2C%28H%2C18%2C24%29%28H2%2C19%2C20%2C21%2C22%2C26%29,54.0,12.0,3.0,0.0,0.18326960504055,,0.428099989891052,12.0,7.0,9.0,3.44000005722046,8.0,106.813201904297,2.96399998664856,28.0
InChI%3D1S%2FC12H23NO3%2Fc1-3-10%282%2916-12%2815%2913-8-5-4-6-11%2813%297-9-14%2Fh10-11%2C14H%2C3-9H2%2C1-2H3,39.0,0.0,4.0,0.0,3.83885645866394,1.0,-1.95930004119873,0.0,7.0,4.0,2.33999991416931,6.0,53.9329986572266,1.81400001049042,16.0
InChI%3D1S%2FC13H11ClN2O4S.Na%2Fc1-19-9-6-10%2820-2%2916-13%2815-9%2921-8-5-3-4-7%2814%2911%288%2912%2817%2918%3B%2Fh3-6H%2C1-2H3%2C%28H%2C17%2C18%29%3B%2Fq%3B%2B1%2Fp-1,32.0,12.0,0.0,0.0,,,,12.0,2.0,9.0,1.89999997615814,5.0,,2.07200002670288,22.0
InChI%3D1S%2FC10H20NO4PS%2Fc1-6-11-16%2817%2C13-5%2915-9%284%297-10%2812%2914-8%282%293%2Fh7-8H%2C6H2%2C1-5H3%2C%28H%2C11%2C17%29,37.0,0.0,4.0,0.0,,,,0.0,17.0,10.0,1.78999996185303,8.0,,3.10400009155273,16.0
InChI%3D1S%2FC18H35NO2%2Fc1-6-12-19%287-2%2913-16-14-20-18%2821-16%2910-8-15%289-11-18%2917%283%2C4%295%2Fh15-16H%2C6-14H2%2C1-5H3,44.0,6.0,3.0,0.0,6.57358312606812,0.0,2.56389999389648,6.0,5.0,12.0,2.67000007629395,3.0,93.1490020751953,2.43300008773804,22.0
InChI%3D1S%2FC12H18N4O6S%2Fc1-3-5-14%286-4-2%2912-10%2815%2817%2918%297-9%2823%2813%2C21%2922%298-11%2812%2916%2819%2920%2Fh7-8H%2C3-6H2%2C1-2H3%2C%28H2%2C13%2C21%2C22%29,43.0,0.0,2.0,0.0,,,0.305099993944168,0.0,5.0,8.0,2.33999991416931,4.0,,-2.71099996566772,26.0
InChI%3D1S%2FC14H13F4N3O2S%2Fc1-8%282%2921%2810-5-3-9%2815%294-6-10%2911%2822%297-23-13-20-19-12%2824-13%2914%2816%2C17%2918%2Fh3-6%2C8H%2C7H2%2C1-2H3,37.0,11.0,2.0,0.0,3.30294275283813,,1.22990000247955,11.0,8.0,9.0,1.89999997615814,7.0,85.7703018188477,4.30000019073486,25.0
InChI%3D1S%2FC20H20FNO4%2Fc1-3-4-11-24-20%2823%2914%282%2925-16-6-8-17%289-7-16%2926-19-10-5-15%2813-22%2912-18%2819%2921%2Fh5-10%2C12%2C14H%2C3-4%2C11H2%2C1-2H3,46.0,12.0,4.0,1.0,0.253814429044724,,-0.503799974918365,12.0,10.0,16.0,3.0,9.0,42.2565994262695,5.12599992752075,27.0
InChI%3D1S%2FC19H25ClN2OS%2Fc1-18%282%2C3%2914-9-7-13%288-10-14%2912-24-15-11-21-22%2819%284%2C5%296%2917%2823%2916%2815%2920%2Fh7-11H%2C12H2%2C1-6H3,25.0,6.0,3.0,0.0,5.20843696594238,,2.28220009803772,6.0,7.0,6.0,2.45000004768372,4.0,55.1688003540039,1.80599999427795,13.0
InChI%3D1S%2FC22H26O3%2Fc1-15%282%2910-19-20%2822%2819%2C3%294%2921%2823%2925-14-17-12-18%2824-13-17%2911-16-8-6-5-7-9-16%2Fh5-10%2C12-13%2C19-20H%2C11%2C14H2%2C1-4H3,51.0,11.0,3.0,1.0,,0.0,0.627900004386902,6.0,4.0,6.0,3.54999995231628,7.0,,7.11299991607666,27.0
InChI%3D1S%2FC9H10ClN2O5PS%2Fc1-15-18%2814%2C16-2%2919-5-12-8-7%2817-9%2812%2913%293-6%2810%294-11-8%2Fh3-4H%2C5H2%2C1-2H3,29.0,6.0,0.0,0.0,1.76863396167755,,1.32990002632141,6.0,8.0,10.0,1.35000002384186,5.0,47.4877014160156,0.499000012874603,20.0
InChI%3D1S%2FC9H10Cl2N2O%2Fc1-13%282%299%2814%2912-6-3-4-7%2810%298%2811%295-6%2Fh3-5H%2C1-2H3%2C%28H%2C12%2C14%29,24.0,6.0,0.0,0.0,3.32734084129333,,1.82410001754761,6.0,6.0,10.0,1.89999997615814,2.0,62.086799621582,3.28600001335144,14.0
InChI%3D1S%2FC10H8ClN3O%2Fc11-9-8%2812%296-13-14%2810%289%2915%297-4-2-1-3-5-7%2Fh1-6H%2C12H2,35.0,6.0,0.0,0.0,2.20403718948364,,-1.48459994792938,6.0,4.0,11.0,1.89999997615814,3.0,70.9033966064453,0.190999999642372,19.0
InChI%3D1S%2FC15H18N4O7S.Na%2Fc1-4-9-26-14-16-19%2815%2822%2918%2814%292%2913%2821%2917-27%2823%2C24%2911-8-6-5-7-10%2811%2912%2820%2925-3%3B%2Fh5-8H%2C4%2C9H2%2C1-3H3%2C%28H%2C17%2C21%29%3B%2Fq%3B%2B1%2Fp-1,45.0,6.0,3.0,1.0,,,,6.0,6.0,22.0,1.67999994754791,8.0,,1.44099998474121,28.0
InChI%3D1S%2FC20H19NO3%2Fc1-16%2823-20-9-5-6-14-21-20%2915-22-17-10-12-19%2813-11-17%2924-18-7-3-2-4-8-18%2Fh2-14%2C16H%2C15H2%2C1H3,43.0,18.0,3.0,1.0,0.202320039272308,,-0.44980001449585,18.0,5.0,14.0,3.22000002861023,7.0,18.8661003112793,6.15700006484985,26.0
InChI%3D1S%2FC21H23ClFNO5%2Fc1-2-3-6-9-28-19%2825%2912-29-18-11-17%2816%2823%2910-15%2818%2922%2924-20%2826%2913-7-4-5-8-14%2813%2921%2824%2927%2Fh10-11H%2C2-9%2C12H2%2C1H3,52.0,6.0,5.0,0.0,1.33864903450012,,-1.15699994564056,6.0,10.0,14.0,2.89000010490417,9.0,74.1220016479492,3.98099994659424,31.0
InChI%3D1S%2FC12H11Cl2NO%2Fc1-4-12%282%2C3%2915-11%2816%298-5-9%2813%297-10%2814%296-8%2Fh1%2C5-7H%2C2-3H3%2C%28H%2C15%2C16%29,56.0,18.0,4.0,0.0,10.9514665603638,,3.3092999458313,18.0,10.0,13.0,3.54999995231628,10.0,131.053497314453,3.71700000762939,35.0
InChI%3D1S%2FC14H16ClN3O2%2Fc1-14%282%2C3%2912%2819%2913%2818-9-16-8-17-18%2920-11-6-4-10%2815%295-7-11%2Fh4-9%2C13H%2C1-3H3,20.0,6.0,2.0,0.0,1.07060408592224,,0.317999988794327,6.0,2.0,7.0,2.23000001907349,1.0,22.7868003845215,1.39100003242493,9.0
InChI%3D1S%2FC8H19O2PS2%2Fc1-4-7-12-11%289%2C10-6-3%2913-8-5-2%2Fh4-8H2%2C1-3H3,29.0,12.0,2.0,0.0,16.7772159576416,0.0,4.09600019454956,12.0,6.0,6.0,2.33999991416931,3.0,94.7104034423828,3.36500000953674,21.0
InChI%3D1S%2FC12H6F2N2O2%2Fc13-12%2814%2917-10-3-1-2-8%2811%2810%2918-12%299-6-16-5-7%289%294-15%2Fh1-3%2C5-6%2C16H,52.0,6.0,2.0,0.0,3.11981558799744,,1.76629996299744,6.0,3.0,6.0,3.0,5.0,14.743200302124,3.05299997329712,29.0
InChI%3D1S%2FC19H17Cl2N3O3%2Fc1-13-9-25-19%2827-13%2C10-24-12-22-11-23-24%2917-7-6-16%288-18%2817%2921%2926-15-4-2-14%2820%293-5-15%2Fh2-8%2C11-13H%2C9-10H2%2C1H3,28.0,12.0,0.0,0.0,0.372466087341309,,0.610300004482269,12.0,0.0,13.0,2.45000004768372,2.0,66.1144027709961,0.857999980449677,16.0
InChI%3D1S%2FC15H12F3NO4S%2Fc1-24%2821%2C22%2912-6-9%2815%2816%2C17%2918%294-5-10%2812%2913%2820%2911-7-19-23-14%2811%298-2-3-8%2Fh4-8H%2C2-3H2%2C1H3,27.0,0.0,0.0,0.0,2.77622246742249,,1.66620004177094,0.0,0.0,1.0,2.33999991416931,0.0,51.1352005004883,2.53099989891052,13.0
InChI%3D1S%2FC14H13NO7S%2Fc1-23%2821%2C22%298-5-6-9%2810%287-8%2915%2819%2920%2914%2818%2913-11%2816%293-2-4-12%2813%2917%2Fh5-7%2C13H%2C2-4H2%2C1H3,36.0,6.0,0.0,0.0,29.6970500946045,,5.44950008392334,6.0,3.0,14.0,2.00999999046326,4.0,127.551200866699,0.209000006318092,24.0
InChI%3D1S%2FC14H16Cl3NO2%2Fc1-4-14%283%2C12%2819%297-15%2918-13%2820%299-5-10%2816%298%282%2911%2817%296-9%2Fh5-6H%2C4%2C7H2%2C1-3H3%2C%28H%2C18%2C20%29,37.0,12.0,0.0,0.0,1.47428166866302,,1.21420001983643,12.0,0.0,12.0,2.89000010490417,2.0,96.7192001342773,1.52499997615814,28.0
InChI%3D1S%2FC17H19NO4%2Fc1-2-20-17%2819%2918-12-13-21-14-8-10-16%2811-9-14%2922-15-6-4-3-5-7-15%2Fh3-11H%2C2%2C12-13H2%2C1H3%2C%28H%2C18%2C19%29,14.0,6.0,0.0,0.0,2.5115909576416,,1.58480000495911,6.0,2.0,9.0,1.78999996185303,0.0,32.2939987182617,1.88199996948242,11.0
InChI%3D1S%2FC4H8N2S4.Zn%2Fc7-3%288%295-1-2-6-4%289%2910%3B%2Fh1-2H2%2C%28H2%2C5%2C7%2C8%29%28H2%2C6%2C9%2C10%29%3B%2Fp-2,17.0,0.0,2.0,0.0,,,,0.0,10.0,4.0,1.12999999523163,3.0,,0.0500000007450581,9.0
InChI%3D1S%2FC9H12NO5PS%2Fc1-7-6-8%284-5-9%287%2910%2811%2912%2915-16%2817%2C13-2%2914-3%2Fh4-6H%2C1-3H3,29.0,6.0,0.0,0.0,2.56128025054932,,1.6003999710083,6.0,7.0,14.0,1.57000005245209,5.0,34.6772003173828,3.59200000762939,17.0
InChI%3D1S%2FC13H19N3O4%2Fc1-5-10%286-2%2914-12-11%2815%2817%2918%297-8%283%299%284%2913%2812%2916%2819%2920%2Fh7%2C10%2C14H%2C5-6H2%2C1-4H3,39.0,6.0,5.0,0.0,,,,6.0,6.0,13.0,2.11999988555908,6.0,,5.67999982833862,20.0
InChI%3D1S%2FC10H7N3S%2Fc1-2-4-8-7%283-1%2912-10%2813-8%299-5-14-6-11-9%2Fh1-6H%2C%28H%2C12%2C13%29,68.0,23.0,3.0,0.0,4.90401029586792,3.0,2.21449995040894,22.0,7.0,20.0,4.21000003814697,10.0,152.401794433594,4.00699996948242,38.0
InChI%3D1S%2FC24H38O4%2Fc1-5-9-13-19%287-3%2917-27-23%2825%2921-15-11-12-16-22%2821%2924%2826%2928-18-20%288-4%2914-10-6-2%2Fh11-12%2C15-16%2C19-20H%2C5-10%2C13-14%2C17-18H2%2C1-4H3,66.0,6.0,7.0,2.0,3.26488757133484,,1.80690002441406,6.0,11.0,12.0,3.66000008583069,16.0,72.8276977539062,9.04199981689453,28.0
InChI%3D1S%2FC16H14Cl2O4%2Fc1-10%2816%2819%2920-2%2921-12-4-6-13%287-5-12%2922-15-8-3-11%2817%299-14%2815%2918%2Fh3-10H%2C1-2H3,36.0,12.0,3.0,0.0,3.24360108375549,,1.80099999904633,12.0,7.0,14.0,2.55999994277954,6.0,93.7751998901367,3.36400008201599,23.0
InChI%3D1S%2FC10H12N3O3PS2%2Fc1-15-17%2818%2C16-2%2919-7-13-10%2814%298-5-3-4-6-9%288%2911-12-13%2Fh3-6H%2C7H2%2C1-2H3,31.0,6.0,0.0,0.0,1.83521211147308,,1.35469996929169,6.0,8.0,11.0,1.57000005245209,5.0,53.2258987426758,2.81699991226196,20.0
InChI%3D1S%2FC8H10ClN5O3S%2Fc1-12-4-17-5-13%288%2812%2911-14%2815%2916%293-6-2-10-7%289%2918-6%2Fh2H%2C3-5H2%2C1H3,28.0,5.0,0.0,0.0,0.0907816886901855,,-0.30129998922348,5.0,4.0,7.0,1.24000000953674,3.0,48.1669006347656,2.57599997520447,19.0
InChI%3D1S%2FC10H12N2O3S%2Fc1-7%282%2912-10%2813%298-5-3-4-6-9%288%2911-16%2812%2C14%2915%2Fh3-7%2C11H%2C1-2H3,28.0,6.0,3.0,0.0,2.30766487121582,,-1.51909995079041,6.0,3.0,13.0,1.89999997615814,1.0,62.8418006896973,1.51699995994568,17.0
InChI%3D1S%2FC12H14ClNO2%2Fc1-12%282%298-16-14%2811%2812%2915%297-9-5-3-4-6-10%289%2913%2Fh3-6H%2C7-8H2%2C1-2H3,18.0,6.0,0.0,0.0,,,,6.0,3.0,10.0,1.46000003814697,2.0,,,14.0
InChI%3D1S%2FC16H23N3OS%2Fc1-12%282%2919-14%2817-16%283%2C4%295%2921-11-18%2815%2819%2920%2913-9-7-6-8-10-13%2Fh6-10%2C12H%2C11H2%2C1-5H3,44.0,6.0,3.0,0.0,2.58341336250305,,1.60730004310608,6.0,5.0,12.0,2.67000007629395,3.0,62.8655014038086,4.07999992370605,22.0
InChI%3D1S%2FC11H10Cl2F2N4O3S%2Fc1-5-16-19%2811%2820%2918%285%2910%2814%2915%299-4-8%2817-23%282%2C21%2922%296%2812%293-7%289%2913%2Fh3-4%2C10%2C17H%2C1-2H3,33.0,6.0,0.0,0.0,0.991020262241364,,0.995500028133392,6.0,5.0,16.0,1.35000002384186,4.0,55.3376007080078,2.29699993133545,24.0
InChI%3D1S%2FC10H19N5S%2Fc1-6%282%2911-8-13-9%2812-7%283%294%2915-10%2814-8%2916-5%2Fh6-7H%2C1-5H3%2C%28H2%2C11%2C12%2C13%2C14%2C15%29,34.0,6.0,3.0,0.0,1.24970042705536,,1.11790001392365,6.0,6.0,15.0,2.00999999046326,3.0,82.7414016723633,2.11100006103516,22.0
InChI%3D1S%2FC8H10NO5PS%2Fc1-12-15%2816%2C13-2%2914-8-5-3-7%284-6-8%299%2810%2911%2Fh3-6H%2C1-2H3,26.0,6.0,0.0,0.0,8.00097751617432,,0.958400011062622,6.0,7.0,14.0,1.46000003814697,5.0,54.0806999206543,3.48000001907349,16.0
InChI%3D1S%2FC8H6Cl2O3%2Fc9-5-1-2-7%286%2810%293-5%2913-4-8%2811%2912%2Fh1-3H%2C4H2%2C%28H%2C11%2C12%29,13.0,0.0,0.0,0.0,1.27938723564148,,-1.1311000585556,0.0,0.0,4.0,1.35000002384186,0.0,53.1162986755371,-0.0240000002086163,7.0
InChI%3D1S%2FC19H26O4S%2Fc1-5-14-21-24%2820%2923-18-9-7-6-8-17%2818%2922-16-12-10-15%2811-13-16%2919%282%2C3%294%2Fh1%2C10-13%2C17-18H%2C6-9%2C14H2%2C2-4H3,50.0,6.0,3.0,0.0,,,,6.0,7.0,7.0,3.0,7.0,,4.25299978256226,25.0
InChI%3D1S%2FC22H28N2O3%2Fc1-14-11-15%282%2913-17%2812-14%2921%2826%2924%2822%284%2C5%296%2923-20%2825%2918-9-8-10-19%2827-7%2916%2818%293%2Fh8-13H%2C1-7H3%2C%28H%2C23%2C25%29,55.0,12.0,0.0,1.0,4.80223417282104,,2.19140005111694,12.0,10.0,19.0,3.32999992370605,6.0,59.2405014038086,6.84600019454956,28.0
InChI%3D1S%2FC15H16F3N5O4S%2Fc1-9-19-12%2822-14%2820-9%2927-2%2921-13%2824%2923-28%2825%2C26%2911-6-4-3-5-10%2811%297-8-15%2816%2C17%2918%2Fh3-6H%2C7-8H2%2C1-2H3%2C%28H2%2C19%2C20%2C21%2C22%2C23%2C24%29,80.0,16.0,3.0,0.0,3.20016312599182,,-1.78890001773834,14.0,4.0,18.0,3.76999998092651,5.0,162.10270690918,3.38199996948242,49.0
InChI%3D1S%2FC6H8ClN5O2S%2Fc1-8-6%2811-12%2813%2914%2910-3-4-2-9-5%287%2915-4%2Fh2H%2C3H2%2C1H3%2C%28H2%2C8%2C10%2C11%29,10.0,0.0,4.0,0.0,13.2059564590454,,3.6340000629425,0.0,10.0,4.0,1.24000000953674,1.0,50.6963996887207,4.4520001411438,9.0
InChI%3D1S%2FC11H21NOS%2Fc1-3-12%2811%2813%2914-4-2%2910-8-6-5-7-9-10%2Fh10H%2C3-9H2%2C1-2H3,43.0,6.0,3.0,0.0,1.84334933757782,0.0,1.35769999027252,6.0,9.0,9.0,2.89000010490417,7.0,52.703498840332,1.7960000038147,20.0
InChI%3D1S%2FC12H10ClN3O%2Fc13-11-8-10%286-7-14-11%2916-12%2817%2915-9-4-2-1-3-5-9%2Fh1-8H%2C%28H2%2C14%2C15%2C16%2C17%29,27.0,12.0,0.0,0.0,,,,12.0,4.0,16.0,2.23000001907349,3.0,,1.2150000333786,18.0
InChI%3D1S%2FC14H15N3%2Fc1-10-9-13%2811-7-8-11%2917-14%2815-10%2916-12-5-3-2-4-6-12%2Fh2-6%2C9%2C11H%2C7-8H2%2C1H3%2C%28H%2C15%2C16%2C17%29,32.0,12.0,0.0,0.0,0.141300812363625,,0.375900000333786,12.0,0.0,13.0,2.67000007629395,3.0,72.0883026123047,1.06400001049042,19.0
InChI%3D1S%2FC7H14N2O2S%2Fc1-7%282%2C12-4%295-9-11-6%2810%298-3%2Fh5H%2C1-4H3%2C%28H%2C8%2C10%29,25.0,6.0,0.0,0.0,0.547599971294403,1.0,-0.740000009536743,6.0,8.0,14.0,1.57000005245209,3.0,57.7993011474609,-0.231000006198883,15.0
InChI%3D1S%2FC14H17Cl2NO2%2Fc1-14%287-3-2-4-8-14%2913%2819%2917-9-5-6-10%2818%2912%2816%2911%289%2915%2Fh5-6%2C18H%2C2-4%2C7-8H2%2C1H3%2C%28H%2C17%2C19%29,36.0,6.0,0.0,0.0,0.230112090706825,,0.479699999094009,6.0,3.0,10.0,2.45000004768372,2.0,48.8604011535645,3.97199988365173,20.0
InChI%3D1S%2FC9H6Cl6O3S%2Fc10-5-6%2811%298%2813%294-2-18-19%2816%2917-1-3%284%297%285%2C12%299%288%2C14%2915%2Fh3-4H%2C1-2H2,25.0,0.0,0.0,0.0,4.69155597686768,0.0,2.16599988937378,0.0,0.0,4.0,1.35000002384186,0.0,76.9888000488281,0.83899998664856,21.0
InChI%3D1S%2FC12H13N3%2Fc1-9-8-10%282%2914-12%2813-9%2915-11-6-4-3-5-7-11%2Fh3-8H%2C1-2H3%2C%28H%2C13%2C14%2C15%29,28.0,12.0,0.0,0.0,0.372466087341309,,0.610300004482269,12.0,0.0,13.0,2.45000004768372,2.0,66.1144027709961,0.857999980449677,16.0
InChI%3D1S%2FC12H18ClNO2S%2Fc1-8-7-17-10%283%2912%288%2914%2811%2815%295-13%299%282%296-16-4%2Fh7%2C9H%2C5-6H2%2C1-4H3,35.0,5.0,3.0,0.0,2.37314033508301,,1.54050004482269,5.0,10.0,8.0,2.23000001907349,6.0,57.9718017578125,2.23799991607666,17.0
InChI%3D1S%2FC14H9Cl5O%2Fc15-11-5-1-9%282-6-11%2913%2820%2C14%2817%2C18%2919%2910-3-7-12%2816%298-4-10%2Fh1-8%2C20H,46.0,11.0,0.0,0.0,0.920064628124237,,-0.959200024604797,11.0,3.0,14.0,2.33999991416931,2.0,101.561698913574,1.31200003623962,29.0
InChI%3D1S%2FC7H12ClN5%2Fc1-3-9-6-11-5%288%2912-7%2813-6%2910-4-2%2Fh3-4H2%2C1-2H3%2C%28H2%2C9%2C10%2C11%2C12%2C13%29,14.0,6.0,0.0,0.0,0.0135722495615482,,0.116499997675419,6.0,0.0,7.0,1.89999997615814,0.0,34.6333999633789,0.439999997615814,8.0
InChI%3D1S%2FC14H14Cl2N2O%2Fc1-2-7-19-14%289-18-6-5-17-10-18%2912-4-3-11%2815%298-13%2812%2916%2Fh2-6%2C8%2C10%2C14H%2C1%2C7%2C9H2,37.0,12.0,3.0,0.0,,,0.0125000001862645,12.0,3.0,21.0,2.77999997138977,2.0,,0.677999973297119,29.0
InChI%3D1S%2FC13H15ClN6O7S%2Fc1-20-10%288%289%2814%2918-20%2911%2821%2927-4%2928%2823%2C24%2919-13%2822%2917-12-15-6%2825-2%295-7%2816-12%2926-3%2Fh5H%2C1-4H3%2C%28H2%2C15%2C16%2C17%2C19%2C22%29,43.0,11.0,0.0,1.0,0.00326040992513299,,0.0571000017225742,6.0,7.0,15.0,1.24000000953674,8.0,60.9360008239746,0.0790000036358833,29.0
InChI%3D1S%2FC15H13Cl2F3N2O4%2Fc1-3-24-11%2823%296-25-10-4-7%289%2818%295-8%2810%2916%2913-12%2817%2914%2822%282%2921-13%2926-15%2819%2920%2Fh4-5%2C15H%2C3%2C6H2%2C1-2H3,25.0,6.0,0.0,0.0,0.773696184158325,,0.879599988460541,6.0,3.0,6.0,1.89999997615814,2.0,68.2354965209961,0.962999999523163,17.0
InChI%3D1S%2FC17H17N2.CH4O4S%2Fc1-18-16%2814-9-5-3-6-10-14%2913-17%2819%2818%292%2915-11-7-4-8-12-15%3B1-5-6%282%2C3%294%2Fh3-13H%2C1-2H3%3B1H3%2C%28H%2C2%2C3%2C4%29%2Fq%2B1%3B%2Fp-1,82.0,24.0,0.0,2.0,15.3883600234985,,3.92280006408691,24.0,7.0,24.0,3.0,12.0,181.695999145508,2.90199995040894,53.0
InChI%3D1S%2FC15H17Cl2N3O2%2Fc1-2-3-12-7-21-15%2822-12%2C8-20-10-18-9-19-20%2913-5-4-11%2816%296-14%2813%2917%2Fh4-6%2C9-10%2C12H%2C2-3%2C7-8H2%2C1H3,18.0,6.0,0.0,0.0,5.27253437042236,,2.29620003700256,6.0,0.0,6.0,2.33999991416931,0.0,39.5197982788086,2.8659999370575,8.0
InChI%3D1S%2FC23H22ClF3O2%2Fc1-14-16%2810-7-11-17%2814%2915-8-5-4-6-9-15%2913-29-21%2828%2920-18%2822%2820%2C2%293%2912-19%2824%2923%2825%2C26%2927%2Fh4-12%2C18%2C20H%2C13H2%2C1-3H3,30.0,6.0,0.0,0.0,0.413577616214752,,0.643100023269653,6.0,5.0,11.0,2.23000001907349,4.0,61.6697998046875,2.27300000190735,15.0
InChI%3D1S%2FC19H26O3%2Fc1-7-8-13-12%284%2916%2810-15%2813%2920%2922-18%2821%2917-14%289-11%282%293%2919%2817%2C5%296%2Fh7%2C9%2C14%2C16-17H%2C1%2C8%2C10H2%2C2-6H3,16.0,6.0,0.0,0.0,2.74034905433655,0.0,1.6554000377655,6.0,0.0,7.0,2.00999999046326,0.0,41.5595016479492,1.49300003051758,9.0
InChI%3D1S%2FC13H11Cl2F4N3O%2Fc14-9-1-2-10%2811%2815%293-9%298%284-22-7-20-6-21-22%295-23-13%2818%2C19%2912%2816%2917%2Fh1-3%2C6-8%2C12H%2C4-5H2,34.0,11.0,3.0,0.0,7.09583044052124,,2.66380000114441,6.0,10.0,6.0,1.78999996185303,7.0,38.7976989746094,3.85700011253357,24.0
InChI%3D1S%2FC17H26ClNO2%2Fc1-4-7-11-21-13-19%2816%2820%2912-18%2917-14%285-2%299-8-10-15%2817%296-3%2Fh8-10H%2C4-7%2C11-13H2%2C1-3H3,47.0,6.0,4.0,0.0,0.180795043706894,,0.42519998550415,6.0,11.0,9.0,2.89000010490417,10.0,,3.57200002670288,21.0
InChI%3D1S%2FC22H28N2O2%2Fc1-7-17-8-10-18%2811-9-17%2920%2825%2923-24%2822%284%2C5%296%2921%2826%2919-13-15%282%2912-16%283%2914-19%2Fh8-14H%2C7H2%2C1-6H3%2C%28H%2C23%2C25%29,54.0,12.0,2.0,0.0,,,3.18370008468628,12.0,10.0,18.0,3.44000005722046,7.0,,4.5460000038147,27.0
InChI%3D1S%2FC5H10N2S2%2Fc1-6-3-7%282%295%288%299-4-6%2Fh3-4H2%2C1-2H3,19.0,0.0,0.0,0.0,2.56672430038452,0.0,1.60210001468658,0.0,0.0,3.0,1.57000005245209,0.0,45.986198425293,0.778999984264374,9.0
InChI%3D1S%2FC48H72O14%2Fc1-11-25%282%2943-28%285%2917-18-47%2862-43%2923-34-20-33%2861-47%2916-15-27%284%2942%2826%283%2913-12-14-32-24-55-45-40%2849%2929%286%2919-35%2846%2851%2958-34%2948%2832%2C45%2952%2959-39-22-37%2854-10%2944%2831%288%2957-39%2960-38-21-36%2853-9%2941%2850%2930%287%2956-38%2Fh12-15%2C17-19%2C25-26%2C28%2C30-31%2C33-45%2C49-50%2C52H%2C11%2C16%2C20-24H2%2C1-10H3,134.0,0.0,4.0,1.0,0.973774254322052,3.0,-0.986800014972687,0.0,4.0,4.0,5.19999980926514,8.0,221.266693115234,2.27800011634827,68.0
InChI%3D1S%2FC18H16ClNO5%2Fc1-3-22-17%2821%2911%282%2923-13-5-7-14%288-6-13%2924-18-20-15-9-4-12%2819%2910-16%2815%2925-18%2Fh4-11H%2C3H2%2C1-2H3,41.0,16.0,3.0,0.0,,,0.437799990177155,15.0,8.0,17.0,2.67000007629395,7.0,,4.57600021362305,27.0
InChI%3D1S%2FC18H26O2%2Fc1-13%282%2918-10-9-17%284%2C20-18%2916%2811-18%2919-12-15-8-6-5-7-14%2815%293%2Fh5-8%2C13%2C16H%2C9-12H2%2C1-4H3,46.0,6.0,0.0,1.0,,,1.50440001487732,6.0,2.0,6.0,3.22000002861023,4.0,,5.31500005722046,22.0
InChI%3D1S%2FC13H13Cl2N3O3%2Fc1-7%282%2916-12%2820%2917-6-11%2819%2918%2813%2817%2921%2910-4-8%2814%293-9%2815%295-10%2Fh3-5%2C7H%2C6H2%2C1-2H3%2C%28H%2C16%2C20%29,34.0,6.0,3.0,0.0,1.24970042705536,,1.11790001392365,6.0,6.0,15.0,2.00999999046326,3.0,82.7414016723633,2.11100006103516,22.0
InChI%3D1S%2FC10H14NO5PS%2Fc1-3-14-17%2818%2C15-4-2%2916-10-7-5-9%286-8-10%2911%2812%2913%2Fh5-8H%2C3-4H2%2C1-2H3,18.0,6.0,0.0,0.0,5.27253437042236,,2.29620003700256,6.0,0.0,6.0,2.33999991416931,0.0,39.5197982788086,2.8659999370575,8.0
InChI%3D1S%2FC4H8Cl3O4P%2Fc1-10-12%289%2C11-2%293%288%294%285%2C6%297%2Fh3%2C8H%2C1-2H3,20.0,0.0,2.0,0.0,1.5331392288208,1.0,1.23819994926453,0.0,12.0,4.0,1.01999998092651,4.0,47.5918006896973,0.52700001001358,11.0
InChI%3D1S%2FC16H12ClF4N3O4%2Fc1-2-22%288-10-11%2817%294-3-5-12%2810%2918%2915-13%2823%2825%2926%296-9%2816%2819%2C20%2921%297-14%2815%2924%2827%2928%2Fh3-7H%2C2%2C8H2%2C1H3,40.0,12.0,2.0,1.0,6.79332113265991,,2.60640001296997,12.0,4.0,13.0,1.89999997615814,7.0,,6.03599977493286,29.0
InChI%3D1S%2FC14H18ClN3O2%2Fc1-14%282%2C3%2912%2819%2913%2818-9-16-8-17-18%2920-11-6-4-10%2815%295-7-11%2Fh4-9%2C12-13%2C19H%2C1-3H3,20.0,0.0,5.0,0.0,,,,0.0,8.0,2.0,2.11999988555908,1.0,,1.05999994277954,7.0
InChI%3D1S%2FC15H17N5O6S%2Fc1-9-16-13%2818-14%2817-9%2926-4%2920%282%2915%2822%2919-27%2823%2C24%2911-8-6-5-7-10%2811%2912%2821%2925-3%2Fh5-8H%2C1-4H3%2C%28H%2C19%2C22%29,51.0,6.0,2.0,0.0,3.57209992408752,,1.88999998569489,6.0,4.0,6.0,2.89000010490417,6.0,96.2352981567383,3.63299989700317,24.0
InChI%3D1S%2FC12H9F2N5O2S%2Fc1-7-5-6-19-11%2815-7%2916-12%2817-19%2922%2820%2C21%2918-10-8%2813%293-2-4-9%2810%2914%2Fh2-6%2C18H%2C1H3,53.0,18.0,0.0,0.0,0.0610090009868145,,-0.246999993920326,18.0,5.0,32.0,2.23000001907349,9.0,78.1748962402344,-0.090999998152256,37.0
InChI%3D1S%2FC6H11Cl4O3PS%2Fc1-3-11-14%2815%2C12-4-2%2913-5%287%296%288%2C9%2910%2Fh5H%2C3-4H2%2C1-2H3,26.0,0.0,2.0,0.0,,0.0,,0.0,15.0,5.0,1.12999999523163,7.0,,4.38700008392334,14.0
InChI%3D1S%2FC19H17ClN2O4%2Fc1-3-24-19%2823%2912%282%2925-14-5-7-15%288-6-14%2926-18-11-21-17-10-13%2820%294-9-16%2817%2922-18%2Fh4-12H%2C3H2%2C1-2H3,43.0,17.0,3.0,0.0,,,0.591899991035461,16.0,8.0,18.0,2.77999997138977,7.0,,4.4980001449585,28.0
InChI%3D1S%2FC8H10N2O4S%2Fc1-14-8%2811%2910-15%2812%2C13%297-4-2-6%289%293-5-7%2Fh2-5H%2C9H2%2C1H3%2C%28H%2C10%2C11%29,14.0,6.0,0.0,0.0,,,,6.0,3.0,9.0,1.57000005245209,1.0,,1.05200004577637,11.0
InChI%3D1S%2FC15H18Cl2N2O3%2Fc1-8%282%2921-12-7-11%289%2816%296-10%2812%2917%2919-14%2820%2922-13%2818-19%2915%283%2C4%295%2Fh6-8H%2C1-5H3,51.0,0.0,4.0,0.0,0.107125289738178,,0.327300012111664,0.0,8.0,8.0,2.77999997138977,9.0,91.3720016479492,3.98200011253357,22.0
InChI%3D1S%2FC15H8Cl2FNO%2Fc16-9-7-12%2817%2915-13%288-9%2919-6-5-14%2815%2920-11-3-1-10%2818%292-4-11%2Fh1-8H,28.0,17.0,0.0,0.0,6.1652889251709,,2.48300004005432,16.0,0.0,17.0,2.55999994277954,2.0,76.7157974243164,4.85599994659424,22.0
InChI%3D1S%2FC13H17NO4%2Fc1-3-7-17-12%2815%2910-5-6-11%2814-9-10%2913%2816%2918-8-4-2%2Fh5-6%2C9H%2C3-4%2C7-8H2%2C1-2H3,35.0,6.0,3.0,0.0,0.399929761886597,,-0.63239997625351,6.0,6.0,12.0,2.33999991416931,8.0,39.6283988952637,2.46600008010864,18.0
InChI%3D1S%2FC9H17ClN3O3PS%2Fc1-5-14-17%2818%2C15-6-2%2916-9-11-8%2810%2913%2812-9%297%283%294%2Fh7H%2C5-6H2%2C1-4H3,39.0,0.0,2.0,0.0,6.08510208129883,,2.46679997444153,0.0,9.0,5.0,1.46000003814697,7.0,76.4418029785156,2.89400005340576,18.0
InChI%3D1S%2FC9H8Cl2O3%2Fc1-5%289%2812%2913%2914-8-3-2-6%2810%294-7%288%2911%2Fh2-5H%2C1H3%2C%28H%2C12%2C13%29,20.0,0.0,6.0,0.0,1.42635250091553,,1.19430005550385,0.0,7.0,0.0,2.00999999046326,4.0,57.7757987976074,3.80100011825562,6.0
InChI%3D1S%2FC12H11NO2%2Fc1-13-12%2814%2915-11-8-4-6-9-5-2-3-7-10%289%2911%2Fh2-8H%2C1H3%2C%28H%2C13%2C14%29,51.0,0.0,2.0,0.0,3.01439046859741,,1.41760003566742,0.0,2.0,2.0,3.54999995231628,0.0,63.7247009277344,2.98799991607666,26.0
InChI%3D1S%2FC19H15FN2O4%2Fc1-2-7-21-15-9-14%2813%2820%298-16%2815%2926-10-17%2821%2923%2922-18%2824%2911-5-3-4-6-12%2811%2919%2822%2925%2Fh1%2C8-9H%2C3-7%2C10H2,41.0,6.0,3.0,0.0,0.752382755279541,,-0.867399990558624,6.0,3.0,17.0,2.77999997138977,2.0,62.7868995666504,1.38100004196167,29.0
InChI%3D1S%2FC19H17ClN4%2Fc20-18-8-6-16%287-9-18%2910-11-19%2812-21%2C13-24-15-22-14-23-24%2917-4-2-1-3-5-17%2Fh1-9%2C14-15H%2C10-11%2C13H2,85.0,0.0,2.0,0.0,0.196160405874252,,0.442900002002716,0.0,2.0,4.0,4.21000003814697,1.0,143.097305297852,3.43099999427795,43.0
InChI%3D1S%2FC10H19O6PS2%2Fc1-5-15-9%2811%297-8%2810%2812%2916-6-2%2919-17%2818%2C13-3%2914-4%2Fh8H%2C5-7H2%2C1-4H3,38.0,0.0,4.0,1.0,3.85768890380859,0.0,1.96410000324249,0.0,19.0,4.0,1.57000005245209,11.0,77.2726974487305,2.00699996948242,18.0
InChI%3D1S%2FC10H9ClN4S%2Fc11-9-2-1-8%285-13-9%296-15-3-4-16-10%2815%2914-7-12%2Fh1-2%2C5H%2C3-4%2C6H2,25.0,6.0,0.0,0.0,0.773696184158325,,0.879599988460541,6.0,3.0,6.0,1.89999997615814,2.0,68.2354965209961,0.962999999523163,17.0
InChI%3D1S%2FC10H19O7PS%2Fc1-5-16-9%2811%297-8%2810%2812%2917-6-2%2919-18%2813%2C14-3%2915-4%2Fh8H%2C5-7H2%2C1-4H3,23.0,6.0,0.0,0.0,10.2886981964111,,3.20760011672974,6.0,7.0,11.0,1.24000000953674,4.0,70.8383026123047,3.3289999961853,16.0
InChI%3D1S%2FC15H12F4N4O7S%2Fc1-28-11%2824%297-4-2-3-5-8%287%2931%2826%2C27%2923-15%2825%2922-14-20-9%2829-12%2816%2917%296-10%2821-14%2930-13%2818%2919%2Fh2-6%2C12-13H%2C1H3%2C%28H2%2C20%2C21%2C22%2C23%2C25%29,43.0,12.0,0.0,0.0,2.77222490310669,,1.66499996185303,12.0,7.0,24.0,1.35000002384186,10.0,95.3277969360352,0.970000028610229,32.0
InChI%3D1S%2FC22H23NO3%2Fc1-21%282%2919%2822%2821%2C3%294%2920%2824%2926-18%2814-23%2915-9-8-12-17%2813-15%2925-16-10-6-5-7-11-16%2Fh5-13%2C18-19H%2C1-4H3,14.0,6.0,0.0,0.0,2.5115909576416,,1.58480000495911,6.0,2.0,9.0,1.78999996185303,0.0,52.6082000732422,1.88199996948242,11.0
InChI%3D1S%2FC5H10N2O2S%2Fc1-4%2810-3%297-9-5%288%296-2%2Fh1-3H3%2C%28H%2C6%2C8%29,20.0,0.0,0.0,0.0,0.946145296096802,1.0,0.972699999809265,0.0,10.0,6.0,1.46000003814697,3.0,40.3573989868164,1.63300001621246,9.0
InChI%3D1S%2FC11H15NO3%2Fc1-8%282%2914-9-6-4-5-7-10%289%2915-11%2813%2912-3%2Fh4-8H%2C1-3H3%2C%28H%2C12%2C13%29,19.0,0.0,3.0,0.0,1.75403535366058,,1.32439994812012,0.0,9.0,3.0,1.78999996185303,5.0,38.3759002685547,0.954999983310699,8.0
InChI%3D1S%2FC14H15N5O6S%2Fc1-8-15-12%2818-14%2816-8%2925-3%2917-13%2821%2919-26%2822%2C23%2910-7-5-4-6-9%2810%2911%2820%2924-2%2Fh4-7H%2C1-3H3%2C%28H2%2C15%2C16%2C17%2C18%2C19%2C21%29,41.0,6.0,0.0,1.0,,,-1.78779995441437,6.0,7.0,23.0,1.67999994754791,6.0,,1.43900001049042,27.0
InChI%3D1S%2FC9H9Cl2NO%2Fc1-2-9%2813%2912-6-3-4-7%2810%298%2811%295-6%2Fh3-5H%2C2H2%2C1H3%2C%28H%2C12%2C13%29,39.0,12.0,0.0,0.0,6.29909610748291,,2.50979995727539,12.0,1.0,12.0,2.77999997138977,4.0,98.4860992431641,2.99799990653992,24.0
InChI%3D1S%2FC13H23N2O3PS%2Fc1-7-16-19%2820%2C17-10%282%293%2918-11-8-14-12%2815-9-11%2913%284%2C5%296%2Fh8-10H%2C7H2%2C1-6H3,43.0,6.0,2.0,0.0,7.62588214874268,,2.76149988174438,6.0,10.0,11.0,2.11999988555908,7.0,104.847602844238,4.15399980545044,20.0
InChI%3D1S%2FC15H16O2%2Fc1-15%282%2C11-3-7-13%2816%298-4-11%2912-5-9-14%2817%2910-6-12%2Fh3-10%2C16-17H%2C1-2H3,14.0,0.0,2.0,0.0,0.895862221717834,,-0.94650000333786,0.0,6.0,4.0,1.46000003814697,2.0,24.0685005187988,-1.20700001716614,5.0
InChI%3D1S%2FC19H15ClF3NO7%2Fc1-3-29-17%2825%2910%282%2930-18%2826%2913-9-12%285-6-15%2813%2924%2827%2928%2931-16-7-4-11%288-14%2816%2920%2919%2821%2C22%2923%2Fh4-10H%2C3H2%2C1-2H3,20.0,0.0,0.0,0.0,0.946145296096802,,0.972699999809265,0.0,10.0,6.0,1.46000003814697,3.0,40.3573989868164,1.63300001621246,9.0
InChI%3D1S%2FC18H24N2O4%2Fc1-6-18%283%2C7-2%2914-11-15%2824-20-14%2919-17%2821%2916-12%2822-4%299-8-10-13%2816%2923-5%2Fh8-11H%2C6-7H2%2C1-5H3%2C%28H%2C19%2C21%29,35.0,6.0,0.0,0.0,0.224391683936119,,-0.473699986934662,6.0,7.0,20.0,1.57000005245209,4.0,84.8880996704102,0.597000002861023,24.0
InChI%3D1S%2FC13H22NO3PS%2Fc1-6-16-18%2815%2C14-10%282%293%2917-12-7-8-13%2819-5%2911%284%299-12%2Fh7-10H%2C6H2%2C1-5H3%2C%28H%2C14%2C15%29,31.0,0.0,4.0,0.0,,,0.0295000001788139,0.0,15.0,10.0,1.57000005245209,6.0,,-0.345999985933304,14.0
InChI%3D1S%2FC15H16Cl3N3O2%2Fc1-2-4-20%2815%2822%2921-5-3-19-10-21%296-7-23-14-12%2817%298-11%2816%299-13%2814%2918%2Fh3%2C5%2C8-10H%2C2%2C4%2C6-7H2%2C1H3,39.0,11.0,3.0,0.0,0.00808200985193253,,0.0899000018835068,11.0,9.0,8.0,2.23000001907349,8.0,95.2766036987305,2.91199994087219,24.0
InChI%3D1S%2FC21H22ClNO4%2Fc1-25-19-8-5-16%2813-20%2819%2926-2%2918%2815-3-6-17%2822%297-4-15%2914-21%2824%2923-9-11-27-12-10-23%2Fh3-8%2C13-14H%2C9-12H2%2C1-2H3,49.0,12.0,3.0,0.0,1.46434199810028,,1.21010005474091,12.0,4.0,19.0,3.10999989509583,6.0,114.407402038574,1.99100005626678,29.0
InChI%3D1S%2FC17H9ClF8N2O4%2Fc18-8-6-7%284-5-11%288%2931-16%2822%2C23%2914%2821%2932-17%2824%2C25%2926%2927-15%2830%2928-13%2829%2912-9%2819%292-1-3-10%2812%2920%2Fh1-6%2C14H%2C%28H2%2C27%2C28%2C29%2C30%29,37.0,12.0,3.0,0.0,,,,12.0,9.0,14.0,2.55999994277954,7.0,,2.47199988365173,25.0
InChI%3D1S%2FC12H15ClNO4PS2%2Fc1-3-16-19%2820%2C17-4-2%2921-8-14-10-6-5-9%2813%297-11%2810%2918-12%2814%2915%2Fh5-7H%2C3-4%2C8H2%2C1-2H3,36.0,6.0,2.0,0.0,7.45180797576904,,2.72979998588562,6.0,10.0,10.0,1.78999996185303,7.0,64.0662002563477,4.19199991226196,22.0
InChI%3D1S%2FC20H18ClF3N2O6%2Fc1-5-8-31-17%2829%2919%282%2C3%2932-16%2828%2912-9-11%286-7-13%2812%2921%2926-15%2827%2910-14%2820%2822%2C23%2924%2925%284%2918%2826%2930%2Fh5-7%2C9-10H%2C1%2C8H2%2C2-4H3,29.0,6.0,0.0,0.0,2.64517688751221,,-1.62639999389648,6.0,2.0,10.0,2.00999999046326,2.0,49.7803001403809,0.861000001430511,16.0
InChI%3D1S%2FC10H10Cl2O3%2Fc11-7-3-4-9%288%2812%296-7%2915-5-1-2-10%2813%2914%2Fh3-4%2C6H%2C1-2%2C5H2%2C%28H%2C13%2C14%29,25.0,6.0,4.0,0.0,1.12042224407196,,1.05850005149841,6.0,7.0,7.0,2.00999999046326,5.0,60.7272987365723,2.10800004005432,15.0
InChI%3D1S%2FC18H24ClN3O%2Fc1-6-14-15%2819%2916%2822%285%2921-14%2917%2823%2920-11-12-7-9-13%2810-8-12%2918%282%2C3%294%2Fh7-10H%2C6%2C11H2%2C1-5H3%2C%28H%2C20%2C23%29,41.0,6.0,3.0,0.0,1.91185927391052,,1.38269996643066,6.0,10.0,9.0,2.67000007629395,7.0,82.6396026611328,2.08100008964539,19.0
InChI%3D1S%2FC21H24Cl2O4%2Fc1-4-20%282%2C3%2919%2825%2926-17-16%2813-10-14%2822%2912-15%2823%2911-13%2918%2824%2927-21%2817%298-6-5-7-9-21%2Fh10-12H%2C4-9H2%2C1-3H3,51.0,6.0,4.0,1.0,2.94191098213196,,1.71519994735718,6.0,8.0,14.0,3.10999989509583,5.0,,5.46799993515015,29.0
InChI%3D1S%2FC17H29NO3S%2Fc1-5-8-14%2818-21-6-2%2917-15%2819%2910-13%2811-16%2817%2920%299-12%284%2922-7-3%2Fh12-13%2C19H%2C5-11H2%2C1-4H3,51.0,0.0,4.0,0.0,0.107125289738178,1.0,0.327300012111664,0.0,8.0,8.0,2.77999997138977,9.0,91.3720016479492,3.98200011253357,22.0
InChI%3D1S%2FC6H10N6%2Fc7-4-10-5%288%2912-6%2811-4%299-3-1-2-3%2Fh3H%2C1-2H2%2C%28H5%2C7%2C8%2C9%2C10%2C11%2C12%29,22.0,0.0,0.0,0.0,0.375891596078873,5.0,-0.613099992275238,0.0,0.0,9.0,1.46000003814697,1.0,35.2267990112305,2.08200001716614,13.0
InChI%3D1S%2FC7H5Cl2FN2O3%2Fc8-3-5%2811%294%289%297%2812-6%283%2910%2915-1-2%2813%2914%2Fh1H2%2C%28H2%2C11%2C12%29%28H%2C13%2C14%29,12.0,6.0,0.0,0.0,1.96953153610229,,1.40339994430542,6.0,0.0,6.0,2.11999988555908,0.0,30.9557991027832,2.08200001716614,6.0
InChI%3D1S%2FC6H3Cl2NO2%2Fc7-3-1-2-4%288%299-5%283%296%2810%2911%2Fh1-2H%2C%28H%2C10%2C11%29,117.0,11.0,0.0,2.0,0.171478807926178,,-0.414099991321564,10.0,4.0,26.0,4.42999982833862,5.0,223.992294311523,3.11100006103516,63.0
InChI%3D1S%2FC22H18N2O4%2Fc1-22%2816-12-14-19%2815-13-16%2927-18-10-6-3-7-11-18%2920%2825%2924%2821%2826%2928-22%2923-17-8-4-2-5-9-17%2Fh2-15%2C23H%2C1H3,46.0,18.0,0.0,1.0,0.393630772829056,,-0.627399981021881,18.0,0.0,13.0,3.22000002861023,5.0,,7.47100019454956,31.0
InChI%3D1S%2FC14H8Cl2N4%2Fc15-11-7-3-1-5-9%2811%2913-17-19-14%2820-18-13%2910-6-2-4-8-12%2810%2916%2Fh1-8H,28.0,18.0,0.0,0.0,,,,18.0,0.0,18.0,2.33999991416931,2.0,,4.48199987411499,22.0
InChI%3D1S%2FC10H5Cl2NO2%2Fc11-6-3-5-1-2-7%2812%298%2810%2814%2915%299%285%2913-4-6%2Fh1-4H%2C%28H%2C14%2C15%29,20.0,11.0,0.0,0.0,2.23981165885925,,1.49660003185272,10.0,3.0,13.0,1.89999997615814,1.0,62.3646011352539,1.35000002384186,16.0
InChI%3D1S%2FC14H14F3N5O6S.Na%2Fc1-26-9-6-10%2827-2%2920-12%2819-9%2921-13%2823%2922-29%2824%2C25%2911-8%284-3-5-18-11%2928-7-14%2815%2C16%2917%3B%2Fh3-6H%2C7H2%2C1-2H3%2C%28H2%2C19%2C20%2C21%2C22%2C23%29%3B%2Fq%3B%2B1%2Fp-1,43.0,12.0,2.0,0.0,,,,12.0,7.0,22.0,1.24000000953674,9.0,,0.653999984264374,30.0
InChI%3D1S%2FC6Cl5NO2%2Fc7-1-2%288%294%2810%296%2812%2813%2914%295%2811%293%281%299,16.0,6.0,0.0,0.0,1.65559685230255,,1.28670001029968,6.0,0.0,7.0,2.11999988555908,0.0,36.8432998657227,1.33800005912781,8.0
InChI%3D1S%2FC23H22O6%2Fc1-11%282%2916-8-14-15%2828-16%296-5-12-22%2824%2921-13-7-18%2825-3%2919%2826-4%299-17%2813%2927-10-20%2821%2929-23%2812%2914%2Fh5-7%2C9%2C16%2C20-21H%2C1%2C8%2C10H2%2C2-4H3,51.0,12.0,0.0,0.0,0.0192376896739006,,0.138699993491173,12.0,2.0,10.0,3.32999992370605,3.0,114.148902893066,1.86699998378754,33.0
InChI%3D1S%2FC32H46O7%2Fc1-6-27-21%284%2912-13-31%2839-27%2917-25-16-24%2838-31%2911-10-20%283%2914-19%282%298-7-9-23-18-36-29-28%2833%2922%285%2915-26%2830%2834%2937-25%2932%2823%2C29%2935%2Fh7-10%2C15%2C19%2C21%2C24-29%2C33%2C35H%2C6%2C11-14%2C16-18H2%2C1-5H3,85.0,0.0,2.0,0.0,0.196160405874252,,0.442900002002716,0.0,2.0,4.0,4.21000003814697,1.0,143.097305297852,3.43099999427795,43.0
InChI%3D1S%2FC15H16F5NO2S2%2Fc1-6%282%295-7-8%2813%2822%2924-3%2910%2812%2816%2917%2921-11%2815%2818%2C19%2920%299%287%2914%2823%2925-4%2Fh6%2C12H%2C5H2%2C1-4H3,20.0,0.0,0.0,0.0,3.85768890380859,,1.96410000324249,0.0,0.0,0.0,2.00999999046326,0.0,,1.26199996471405,7.0
InChI%3D1S%2FC13H14F3N3O4%2Fc1-4-17%287-8%282%293%2912-10%2818%2820%2921%295-9%2813%2814%2C15%2916%296-11%2812%2919%2822%2923%2Fh5-6H%2C2%2C4%2C7H2%2C1%2C3H3,37.0,6.0,3.0,0.0,0.773696184158325,,0.879599988460541,6.0,7.0,13.0,1.78999996185303,7.0,68.2354965209961,0.962999999523163,23.0
InChI%3D1S%2FC7H7Cl3NO3PS%2Fc1-12-15%2816%2C13-2%2914-7-5%289%293-4%288%296%2810%2911-7%2Fh3H%2C1-2H3,23.0,6.0,0.0,0.0,10.2886981964111,,3.20760011672974,6.0,7.0,11.0,1.24000000953674,4.0,70.8383026123047,3.3289999961853,16.0
InChI%3D1S%2FC5H12NO3PS2%2Fc1-6-5%287%294-12-10%2811%2C8-2%299-3%2Fh4H2%2C1-3H3%2C%28H%2C6%2C7%29,22.0,6.0,0.0,0.0,0.624890267848969,1.0,-0.790499985218048,6.0,2.0,9.0,2.00999999046326,2.0,47.7925987243652,0.804000020027161,11.0
InChI%3D1S%2FC7H3Br2NO%2Fc8-5-1-4%283-10%292-6%289%297%285%2911%2Fh1-2%2C11H,14.0,6.0,0.0,0.0,2.5115909576416,,1.58480000495911,6.0,2.0,9.0,1.78999996185303,0.0,52.6082000732422,1.88199996948242,11.0
InChI%3D1S%2FC11H9Cl2NO3%2Fc12-6-1-2-8%287%2813%295-6%2914-9%2815%2911%283-4-11%2910%2816%2917%2Fh1-2%2C5H%2C3-4H2%2C%28H%2C14%2C15%29%28H%2C16%2C17%29,26.0,6.0,0.0,0.0,0.850452840328217,,0.92220002412796,6.0,3.0,9.0,2.00999999046326,3.0,,2.60599994659424,18.0
InChI%3D1S%2FC13H10Cl2FN5O3S%2Fc1-2-24-13-17-9%2816%296-10-18-12%2819-21%2810%2913%2925%2822%2C23%2920-11-7%2814%294-3-5-8%2811%2915%2Fh3-6%2C20H%2C2H2%2C1H3,35.0,16.0,2.0,0.0,0.999400079250336,,0.999700009822845,15.0,4.0,20.0,1.57000005245209,5.0,38.0640983581543,2.47099995613098,27.0
InChI%3D1S%2FC17H17N3OS%2Fc1-17%2813-9-5-3-6-10-13%2915%2821%2920%2816%2818-17%2922-2%2919-14-11-7-4-8-12-14%2Fh3-12%2C19H%2C1-2H3,20.0,6.0,0.0,0.0,0.720800995826721,,0.848999977111816,6.0,3.0,12.0,1.89999997615814,2.0,45.4683990478516,1.11600005626678,12.0
InChI%3D1S%2FC12H4Cl2F6N4OS%2Fc13-5-1-4%2811%2815%2C16%2917%292-6%2814%298%285%2924-10%2822%299%287%283-21%2923-24%2926%2825%2912%2818%2C19%2920%2Fh1-2H%2C22H2,29.0,17.0,0.0,0.0,5.30611228942871,,2.3034999370575,17.0,0.0,17.0,3.10999989509583,2.0,80.3831024169922,3.3050000667572,19.0
InChI%3D1S%2FC17H18N4O6S%2Fc1-10-7-11%282%2919-16%2818-10%2920-17%2823%2921-28%2824%2C25%2914-6-4-3-5-13%2814%2915%2822%2927-12-8-26-9-12%2Fh3-7%2C12H%2C8-9H2%2C1-2H3%2C%28H2%2C18%2C19%2C20%2C21%2C23%29,46.0,12.0,0.0,0.0,,,0.106899999082088,12.0,7.0,22.0,2.11999988555908,7.0,,2.54200005531311,30.0
InChI%3D1S%2FC14H20ClNO2%2Fc1-4-12-8-6-7-11%283%2914%2812%2916%2810-18-5-2%2913%2817%299-15%2Fh6-8H%2C4-5%2C9-10H2%2C1-3H3,38.0,6.0,2.0,0.0,2.64420127868652,,1.62609994411469,6.0,9.0,9.0,2.55999994277954,7.0,,2.18099999427795,18.0
InChI%3D1S%2FC6H3Cl3N2O2%2Fc7-1-3%2810%292%288%295%289%2911-4%281%296%2812%2913%2Fh%28H2%2C10%2C11%29%28H%2C12%2C13%29,35.0,0.0,3.0,2.0,26.5482559204102,2.0,5.15250015258789,0.0,20.0,5.0,1.24000000953674,12.0,101.070198059082,5.55000019073486,19.0
InChI%3D1S%2FC12H12ClN5O4S%2Fc1-7-14-10%2817-12%2815-7%2922-2%2916-11%2819%2918-23%2820%2C21%299-6-4-3-5-8%289%2913%2Fh3-6H%2C1-2H3%2C%28H2%2C14%2C15%2C16%2C17%2C18%2C19%29,30.0,12.0,0.0,0.0,0.0474804118275642,,0.217899993062019,12.0,2.0,16.0,2.45000004768372,3.0,70.7602996826172,2.33699989318848,18.0
InChI%3D1S%2FC8H16NO5P%2Fc1-7%286-8%2810%299%282%293%2914-15%2811%2C12-4%2913-5%2Fh6H%2C1-5H3,31.0,0.0,4.0,0.0,0.000870249990839511,,0.0295000001788139,0.0,15.0,10.0,1.57000005245209,6.0,56.540699005127,-0.345999985933304,14.0
InChI%3D1S%2FC17H17N3O3%2Fc1-9%282%2917%283%2916%2823%2919-14%2820-17%2913-11%2815%2821%2922%298-10-6-4-5-7-12%2810%2918-13%2Fh4-9H%2C1-3H3%2C%28H%2C21%2C22%29%28H%2C19%2C20%2C23%29,40.0,11.0,3.0,0.0,0.00388129008933902,,0.0623000003397465,10.0,3.0,18.0,2.67000007629395,3.0,87.6526031494141,1.49199998378754,25.0
InChI%3D1S%2FC14H16ClO5PS%2Fc1-4-17-21%2822%2C18-5-2%2920-10-6-7-11-9%283%2913%2815%2914%2816%2919-12%2811%298-10%2Fh6-8H%2C4-5H2%2C1-3H3,24.0,5.0,0.0,0.0,9.07093906402588,,3.01180005073547,5.0,3.0,17.0,2.00999999046326,2.0,92.9802017211914,3.89599990844727,19.0
InChI%3D1S%2FC17H13ClFNO4%2Fc1-3-8-22-17%2821%2911%282%2923-13-4-6-14%287-5-13%2924-16-15%2819%299-12%2818%2910-20-16%2Fh1%2C4-7%2C9-11H%2C8H2%2C2H3,17.0,6.0,0.0,0.0,0.0523036904633045,,-0.228699997067451,6.0,2.0,10.0,1.89999997615814,1.0,40.5047988891602,0.497000008821487,10.0
InChI%3D1S%2FC9H16ClN5%2Fc1-5%282%2911-8-13-7%2810%2914-9%2815-8%2912-6%283%294%2Fh5-6H%2C1-4H3%2C%28H2%2C11%2C12%2C13%2C14%2C15%29,31.0,6.0,3.0,0.0,0.678481698036194,,0.82370001077652,6.0,7.0,13.0,2.33999991416931,6.0,67.0721969604492,1.69500005245209,17.0
InChI%3D1S%2FC13H18O5S%2Fc1-5-16-12-13%282%2C3%2910-8-9%2818-19%284%2C14%2915%296-7-11%2810%2917-12%2Fh6-8%2C12H%2C5H2%2C1-4H3,37.0,6.0,2.0,0.0,1.12042224407196,,1.05850005149841,6.0,5.0,11.0,2.23000001907349,4.0,,0.758000016212463,20.0
InChI%3D1S%2FC19H30O5%2Fc1-3-5-7-20-8-9-21-10-11-22-14-17-13-19-18%2823-15-24-19%2912-16%2817%296-4-2%2Fh12-13H%2C3-11%2C14-15H2%2C1-2H3,54.0,6.0,4.0,1.0,1.62766563892365,,-1.27579998970032,6.0,12.0,8.0,3.0,13.0,93.1712036132812,3.28099989891052,25.0
InChI%3D1S%2FC9H18NO3PS2%2Fc1-4-8%283%2916-14%2812%2C13-5-2%2910-6-7-15-9%2810%2911%2Fh8H%2C4-7H2%2C1-3H3,34.0,0.0,4.0,0.0,1.08451390266418,0.0,1.04139995574951,0.0,10.0,6.0,1.67999994754791,6.0,68.8597030639648,1.54999995231628,16.0
InChI%3D1S%2FC17H19F3N6O6S%2Fc1-9-6-5-7-10%2812%2827%2931-4%2911%289%2933%2829%2C30%2925-15%2828%2922-13-21-14%2826%282%293%2924-16%2823-13%2932-8-17%2818%2C19%2920%2Fh5-7H%2C8H2%2C1-4H3%2C%28H2%2C21%2C22%2C23%2C24%2C25%2C28%29,52.0,12.0,2.0,1.0,0.375891596078873,,-0.613099992275238,12.0,7.0,24.0,1.57000005245209,1.0,35.2267990112305,0.742999970912933,34.0
InChI%3D1S%2FC17H12Cl2N2O%2Fc18-14-7-5-12%286-8-14%2917%2822%2C13-9-20-11-21-10-13%2915-3-1-2-4-16%2815%2919%2Fh1-11%2C22H,34.0,18.0,0.0,0.0,0.790854513645172,,0.889299988746643,18.0,2.0,6.0,2.77999997138977,3.0,97.0450973510742,0.651000022888184,24.0
InChI%3D1S%2FC11H13NO4%2Fc1-11%282%2915-8-6-4-5-7%289%288%2916-11%2914-10%2813%2912-3%2Fh4-6H%2C1-3H3%2C%28H%2C12%2C13%29,29.0,6.0,0.0,0.0,0.0126787601038814,,0.11259999871254,6.0,5.0,12.0,2.11999988555908,2.0,61.5192985534668,2.43400001525879,17.0
InChI%3D1S%2F3C6H5.H2O.Sn%2Fc3%2A1-2-4-6-5-3-1%3B%3B%2Fh3%2A1-5H%3B1H2%3B%2Fq%3B%3B%3B%3B%2B1%2Fp-1,109.0,47.0,0.0,1.0,,,,46.0,4.0,51.0,3.22000002861023,10.0,,,71.0
InChI%3D1S%2F2C4H8N2S4.Mn.Zn%2Fc2%2A7-3%288%295-1-2-6-4%289%2910%3B%3B%2Fh2%2A1-2H2%2C%28H2%2C5%2C7%2C8%29%28H2%2C6%2C9%2C10%29%3B%3B%2Fq%3B%3B%2B2%3B%2Fp-4,38.0,0.0,2.0,0.0,,,,0.0,10.0,2.0,0.800000011920929,6.0,,2.36800003051758,18.0
InChI%3D1S%2FC21H20Cl2O3%2Fc1-21%282%2917%2812-18%2822%2923%2919%2821%2920%2824%2925-13-14-7-6-10-16%2811-14%2926-15-8-4-3-5-9-15%2Fh3-12%2C17%2C19H%2C13H2%2C1-2H3,20.0,6.0,0.0,0.0,0.213166892528534,,0.461699992418289,6.0,5.0,11.0,1.78999996185303,3.0,44.5610008239746,1.60599994659424,11.0