SMILES,nAromBond,nAtomLC,ALogp2,nAtom,MLogP,nAtomP,nAtomLAC,LipinskiFailures,XLogP,nHBDon,ALogP,nB,nRotB,AMR,naAromAtom
InChI%3D1S%2FC15H15ClF3N3O%2Fc1-2-7-23-9-14%2822-6-5-20-10-22%2921-13-4-3-11%2816%298-12%2813%2915%2817%2C18%2919%2Fh3-6%2C8%2C10H%2C2%2C7%2C9H2%2C1H3,11.0,7.0,0.606062233448029,38.0,2.23000001907349,9.0,3.0,0.0,4.90399980545044,,0.784799993038177,24.0,7.0,85.5746994018555,6.0
InChI%3D1S%2FC8Cl4N2%2Fc9-5-3%281-13%296%2810%298%2812%297%2811%294%285%292-14,6.0,3.0,4.60102510452271,16.0,1.89999997615814,8.0,0.0,0.0,1.54799997806549,,2.14499998092651,12.0,1.0,41.1487998962402,6.0
InChI%3D1S%2FC12H11N%2Fc1-3-7-11%288-4-1%2913-12-9-5-2-6-10-12%2Fh1-10%2C13H,6.0,2.0,18.1254539489746,18.0,1.89999997615814,6.0,0.0,0.0,4.25400018692017,,4.25740003585815,12.0,2.0,70.5457992553711,6.0
InChI%3D1S%2FC9H10ClN5O2%2Fc10-8-2-1-7%285-12-8%296-14-4-3-11-9%2814%2913-15%2816%2917%2Fh1-2%2C5H%2C3-4%2C6H2%2C%28H%2C11%2C13%29,12.0,13.0,0.685087263584137,71.0,3.76999998092651,8.0,6.0,1.0,4.03299999237061,,0.827700018882751,34.0,13.0,139.38020324707,12.0
InChI%3D1S%2FC9H13ClN2O2%2Fc1-5-6%2810%297%2813%2912%288%2814%2911-5%299%282%2C3%294%2Fh1-4H3%2C%28H%2C11%2C14%29,6.0,3.0,,16.0,2.00999999046326,8.0,2.0,0.0,-0.24600000679493,,-0.73089998960495,9.0,1.0,,6.0
InChI%3D1S%2FC19H24O3%2Fc1-7-8-13-12%284%2916%2810-15%2813%2920%2922-18%2821%2917-14%289-11%282%293%2919%2817%2C5%296%2Fh1%2C9%2C14%2C16-17H%2C8%2C10H2%2C2-6H3,12.0,6.0,5.01177787780762,53.0,3.22000002861023,6.0,2.0,0.0,0.800000011920929,0.0,2.2386999130249,28.0,8.0,115.262802124023,12.0
InChI%3D1S%2FC13H16F3N3O4%2Fc1-3-5-6-17%284-2%2912-10%2818%2820%2921%297-9%2813%2814%2C15%2916%298-11%2812%2919%2822%2923%2Fh7-8H%2C3-6H2%2C1-2H3,6.0,7.0,,39.0,1.78999996185303,13.0,4.0,0.0,,,,23.0,8.0,,6.0
InChI%3D1S%2FC18H12Cl2N2O%2Fc19-13-9-7-12%288-10-13%2914-4-1-2-6-16%2814%2922-18%2823%2915-5-3-11-21-17%2815%2920%2Fh1-11H%2C%28H%2C22%2C23%29,18.0,3.0,11.221830368042,35.0,2.89000010490417,21.0,0.0,0.0,2.57299995422363,,3.34990000724792,25.0,3.0,103.061798095703,18.0
InChI%3D1S%2FC21H16ClFN4O5%2Fc1-28-26-18%2821-27-30-11-10-29-21%2913-6-2-4-8-15%2813%2931-19-17%2823%2920%2825-12-24-19%2932-16-9-5-3-7-14%2816%2922%2Fh2-9%2C12H%2C10-11H2%2C1H3,6.0,9.0,4.06869220733643,40.0,2.00999999046326,11.0,2.0,0.0,3.07500004768372,,2.0171000957489,19.0,7.0,81.5680999755859,6.0
InChI%3D1S%2FC17H25NO2%2Fc1-3-5-6-11%284-2%2910-18-16%2819%2914-12-7-8-13%289-12%2915%2814%2917%2818%2920%2Fh7-8%2C11-15H%2C3-6%2C9-10H2%2C1-2H3,0.0,8.0,3.72490000724792,45.0,3.0,5.0,7.0,0.0,3.49300003051758,0.0,-1.92999994754791,22.0,6.0,72.9148025512695,0.0
InChI%3D1S%2FC7H13N3O3S%2Fc1-8-7%2812%2913-9-5%2814-4%296%2811%2910%282%293%2Fh1-4H3%2C%28H%2C8%2C12%29,23.0,6.0,5.28953981399536,64.0,4.09999990463257,19.0,3.0,0.0,2.80299997329712,1.0,2.29990005493164,38.0,7.0,148.175994873047,22.0
InChI%3D1S%2FC11H15BrClO3PS%2Fc1-3-7-18-17%2814%2C15-4-2%2916-11-6-5-9%2812%298-10%2811%2913%2Fh5-6%2C8H%2C3-4%2C7H2%2C1-2H3,0.0,1.0,3.77486038208008,28.0,1.78999996185303,8.0,0.0,0.0,0.596000015735626,,-1.94289994239807,16.0,2.0,47.7557983398438,0.0
InChI%3D1S%2FC15H18ClN3O%2Fc1-11%2812-2-3-12%2915%2820%2C8-19-10-17-9-18-19%2913-4-6-14%2816%297-5-13%2Fh4-7%2C9-12%2C20H%2C2-3%2C8H2%2C1H3,6.0,2.0,,16.0,1.67999994754791,11.0,0.0,0.0,,,-0.606299996376038,12.0,2.0,,6.0
InChI%3D1S%2FC15H18N6O6S%2Fc1-4-27-15-19-12%2816-2%2917-13%2820-15%2918-14%2823%2921-28%2824%2C25%2910-8-6-5-7-9%2810%2911%2822%2926-3%2Fh5-8H%2C4H2%2C1-3H3%2C%28H3%2C16%2C17%2C18%2C19%2C20%2C21%2C23%29,12.0,7.0,4.31351375579834,50.0,3.22000002861023,6.0,2.0,0.0,2.83800005912781,,2.07690000534058,28.0,7.0,112.846900939941,12.0
InChI%3D1S%2FC10H12ClNO2%2Fc1-7%282%2914-10%2813%2912-9-5-3-4-8%2811%296-9%2Fh3-7H%2C1-2H3%2C%28H%2C12%2C13%29,6.0,7.0,3.41030097007751,26.0,2.11999988555908,10.0,3.0,0.0,2.32800006866455,,1.84669995307922,14.0,3.0,60.0227012634277,6.0
InChI%3D1S%2FC9H9ClO3%2Fc1-6%289%2811%2912%2913-8-4-2-3-7%2810%295-8%2Fh2-6H%2C1H3%2C%28H%2C11%2C12%29,6.0,6.0,0.0598291605710983,22.0,2.00999999046326,7.0,3.0,0.0,2.35599994659424,,0.244599997997284,13.0,3.0,23.675500869751,6.0
InChI%3D1S%2FC9H20N2O2.ClH%2Fc1-4-8-13-9%2812%2910-6-5-7-11%282%293%3B%2Fh4-8H2%2C1-3H3%2C%28H%2C10%2C12%29%3B1H,0.0,2.0,6.38320207595825,126.0,3.99000000953674,3.0,2.0,1.0,2.40000009536743,1.0,-2.52649998664856,54.0,7.0,188.565399169922,0.0
InChI%3D1S%2FC6H8Cl6%2Fc7-2-1-3%2812-11%295%289%296%2810%294%282%298%2Fh2-6%2C12H%2C1H2,0.0,2.0,,12.0,1.46000003814697,0.0,0.0,0.0,,,,12.0,1.0,,0.0
InChI%3D1S%2FC17H20ClN3O%2Fc1-16%282%298-7-14%289-13-3-5-15%2818%296-4-13%2917%2816%2C22%2910-21-12-19-11-20-21%2Fh3-6%2C9%2C11-12%2C22H%2C7-8%2C10H2%2C1-2H3,11.0,0.0,1.78249204158783,42.0,2.77999997138977,8.0,0.0,0.0,3.03900003433228,,1.33510005474091,24.0,3.0,50.5474014282227,6.0
InChI%3D1S%2FC9H8N4OS%2Fc14-9%2812-8-6-10-13-15-8%2911-7-4-2-1-3-5-7%2Fh1-6H%2C%28H2%2C11%2C12%2C14%29,6.0,4.0,,24.0,1.78999996185303,14.0,0.0,0.0,,,2.97769999504089,16.0,3.0,,6.0
InChI%3D1S%2FC22H17N3O5%2Fc1-27-13-17%2822%2826%2928-2%2916-8-4-6-10-19%2816%2930-21-11-20%2824-14-25-21%2929-18-9-5-3-7-15%2818%2912-23%2Fh3-11%2C13-14H%2C1-2H3,0.0,4.0,10.6028385162354,35.0,1.67999994754791,3.0,2.0,0.0,2.98300004005432,,3.25620007514954,20.0,3.0,97.2837982177734,0.0
InChI%3D1S%2FC7H16N.ClH%2Fc1-8%282%296-4-3-5-7-8%3B%2Fh3-7H2%2C1-2H3%3B1H%2Fq%2B1%3B%2Fp-1,0.0,0.0,,25.0,2.00999999046326,0.0,0.0,0.0,1.24800002574921,,,8.0,0.0,,0.0
InChI%3D1S%2FC15H17ClN4%2Fc1-2-3-8-15%289-17%2C10-20-12-18-11-19-20%2913-4-6-14%2816%297-5-13%2Fh4-7%2C11-12H%2C2-3%2C8%2C10H2%2C1H3,0.0,0.0,3.08353590965271,36.0,2.55999994277954,0.0,0.0,0.0,1.50800001621246,,-1.75600004196167,16.0,0.0,48.9101982116699,0.0
InChI%3D1S%2FC17H16F3NO2%2Fc1-11%282%2923-13-7-5-6-12%2810-13%2921-16%2822%2914-8-3-4-9-15%2814%2917%2818%2C19%2920%2Fh3-11H%2C1-2H3%2C%28H%2C21%2C22%29,6.0,8.0,4.47618627548218,31.0,1.57000005245209,11.0,0.0,0.0,1.46300005912781,,2.11570000648499,20.0,5.0,82.2892990112305,6.0
InChI%3D1S%2FC24H27N3O4%2Fc1-17-21%2822%2827%285%2926-17%2930-20-9-7-6-8-10-20%2915-25-29-16-18-11-13-19%2814-12-18%2923%2828%2931-24%282%2C3%294%2Fh6-15H%2C16H2%2C1-5H3,12.0,7.0,5.12569618225098,62.0,3.32999992370605,9.0,0.0,0.0,3.57399988174438,,2.26399993896484,33.0,9.0,128.083099365234,12.0
InChI%3D1S%2FC17H24ClNO4%2Fc1-2-14%2819-23-7-3-6-18%2917-15%2820%2910-13%2811-16%2817%2921%2912-4-8-22-9-5-12%2Fh3%2C6%2C12-13%2C20H%2C2%2C4-5%2C7-11H2%2C1H3,0.0,9.0,1.38368165493011,47.0,2.67000007629395,8.0,3.0,0.0,2.81299996376038,,-1.17630004882812,24.0,6.0,86.2679977416992,0.0
InChI%3D1S%2FC14H16ClN5O5S%2Fc1-9-16-12%2819-14%2817-9%2924-2%2918-13%2821%2920-26%2822%2C23%2911-6-4-3-5-10%2811%2925-8-7-15%2Fh3-6H%2C7-8H2%2C1-2H3%2C%28H2%2C16%2C17%2C18%2C19%2C20%2C21%29,6.0,7.0,1.40564739704132,42.0,1.67999994754791,21.0,2.0,0.0,1.99100005626678,,-1.18560004234314,27.0,7.0,66.5475006103516,6.0
InChI%3D1S%2FC22H18Cl2FNO3%2Fc1-22%282%2915%2811-19%2823%2924%2920%2822%2921%2827%2929-18%2812-26%2913-8-9-16%2825%2917%2810-13%2928-14-6-4-3-5-7-14%2Fh3-11%2C15%2C18%2C20H%2C1-2H3,0.0,2.0,0.699899554252625,25.0,2.11999988555908,8.0,2.0,0.0,1.99699997901917,,-0.836600005626678,12.0,2.0,47.7817993164062,0.0
InChI%3D1S%2FC13H11ClO%2Fc14-12-6-7-13%2815%2911%289-12%298-10-4-2-1-3-5-10%2Fh1-7%2C9%2C15H%2C8H2,6.0,5.0,0.00115599995478988,27.0,2.67000007629395,6.0,5.0,0.0,4.64499998092651,,0.457500010728836,11.0,4.0,39.0854988098145,6.0
InChI%3D1S%2FC12H9Cl2NO3%2Fc1-3-12%282%2910%2816%2915%2811%2817%2918-12%299-5-7%2813%294-8%2814%296-9%2Fh3-6H%2C1H2%2C2H3,0.0,7.0,0.469362020492554,12.0,1.12999999523163,4.0,2.0,0.0,-0.230000004172325,,-0.685100018978119,6.0,2.0,26.7576007843018,0.0
InChI%3D1S%2FC17H21N5O9S2%2Fc1-29-13-8-14%2830-2%2920-16%2819-13%2921-17%2824%2922-33%2827%2C28%2912-7-10%289-18-32%284%2C25%2926%295-6-11%2812%2915%2823%2931-3%2Fh5-8%2C18H%2C9H2%2C1-4H3%2C%28H2%2C19%2C20%2C21%2C22%2C24%29,12.0,3.0,0.0519840009510517,45.0,2.55999994277954,9.0,0.0,0.0,-0.0810000002384186,,0.228000000119209,26.0,5.0,102.843399047852,12.0
InChI%3D1S%2FC9H4Cl3NO2S%2Fc10-9%2811%2C12%2916-13-7%2814%295-3-1-2-4-6%285%298%2813%2915%2Fh1-4H,12.0,0.0,0.528819859027863,33.0,2.89000010490417,13.0,0.0,0.0,1.48500001430511,,0.727199971675873,22.0,0.0,82.7920989990234,12.0
InChI%3D1S%2FC13H15N3O3%2Fc1-7%282%2913%283%2912%2819%2915-10%2816-13%299-8%2811%2817%2918%295-4-6-14-9%2Fh4-7H%2C1-3H3%2C%28H%2C17%2C18%29%28H%2C15%2C16%2C19%29,6.0,3.0,,34.0,2.23000001907349,14.0,3.0,0.0,0.982999980449677,,,20.0,3.0,,6.0
InChI%3D1S%2FC13H17F3N4O4%2Fc1-3-5-18%286-4-2%2911-9%2819%2821%2922%297-8%2813%2814%2C15%2916%2910%2817%2912%2811%2920%2823%2924%2Fh7H%2C3-6%2C17H2%2C1-2H3,6.0,7.0,,41.0,1.67999994754791,14.0,3.0,0.0,,,,24.0,8.0,,6.0
InChI%3D1S%2F2C10H12O5.Ca%2Fc2%2A1-2-6%2811%299-7%2812%293-5%2810%2814%2915%294-8%289%2913%3B%2Fh2%2A5%2C9H%2C2-4H2%2C1H3%2C%28H%2C14%2C15%29%3B%2Fq%3B%3B%2B2%2Fp-2,0.0,4.0,,53.0,2.45000004768372,2.0,3.0,0.0,-4.22599983215332,0.0,,30.0,6.0,,0.0
InChI%3D1S%2FC16H13ClF4N2O4%2Fc1-3-26-14%2824%297-27-13-5-12%2811%2818%294-10%2813%2917%2923-15%2825%298%282%299%286-22-23%2916%2819%2C20%2921%2Fh4-6H%2C3%2C7H2%2C1-2H3,0.0,13.0,0.00073441001586616,33.0,2.00999999046326,4.0,3.0,0.0,1.29100000858307,,-0.0271000005304813,12.0,7.0,49.7907981872559,0.0
InChI%3D1S%2FC15H15ClFN3O3S2%2Fc1-23-13%2821%298-24-12-7-11%2810%2817%296-9%2812%2916%2918-14-19-4-2-3-5-20%2819%2915%2822%2925-14%2Fh6-7H%2C2-5%2C8H2%2C1H3,6.0,7.0,,39.0,1.78999996185303,13.0,3.0,0.0,,,,23.0,8.0,,6.0
InChI%3D1S%2FC20H19F3N2O4%2Fc1-13%2814-8-6-9-16%2811-14%2920%2821%2C22%2923%2924-29-12-15-7-4-5-10-17%2815%2918%2825-28-3%2919%2826%2927-2%2Fh4-11H%2C12H2%2C1-3H3,12.0,8.0,0.509367704391479,48.0,2.67000007629395,12.0,2.0,1.0,7.20800018310547,,0.713699996471405,30.0,9.0,50.7006988525391,12.0
InChI%3D1S%2FC8H6N2OS2%2Fc1-12-8%2811%295-3-2-4-6-7%285%2913-10-9-6%2Fh2-4H%2C1H3,6.0,4.0,0.401195555925369,21.0,1.78999996185303,10.0,0.0,0.0,1.43900001049042,,0.633400022983551,14.0,2.0,61.2163009643555,6.0
InChI%3D1S%2FC10H18N4O4S3%2Fc1-7%2819-5%2911-17-9%2815%2913%283%2921-14%284%2910%2816%2918-12-8%282%2920-6%2Fh1-6H3,0.0,21.0,4.41924476623535,39.0,1.35000002384186,6.0,2.0,0.0,2.70099997520447,0.0,2.10220003128052,20.0,10.0,86.9989013671875,0.0
InChI%3D1S%2FC15H21NO4%2Fc1-10-7-6-8-11%282%2914%2810%2916%2813%2817%299-19-4%2912%283%2915%2818%2920-5%2Fh6-8%2C12H%2C9H2%2C1-5H3,0.0,4.0,2.18034744262695,12.0,1.46000003814697,0.0,2.0,0.0,-1.34200000762939,,-1.47660005092621,3.0,1.0,17.8686008453369,0.0
InChI%3D1S%2FC2H6ClO3P%2Fc3-1-2-7%284%2C5%296%2Fh1-2H2%2C%28H2%2C4%2C5%2C6%29,0.0,7.0,0.254722088575363,13.0,1.12999999523163,4.0,2.0,0.0,-0.551999986171722,2.0,-0.504700005054474,6.0,2.0,24.5312995910645,0.0
InChI%3D1S%2FC13H4Cl2F6N4O4%2Fc14-6-1-4%2812%2816%2C17%2918%293-22-11%286%2923-9-7%2824%2826%2927%292-5%2813%2819%2C20%2921%298%2815%2910%289%2925%2828%2929%2Fh1-3H%2C%28H%2C22%2C23%29,12.0,3.0,10.0565090179443,33.0,1.12999999523163,19.0,0.0,1.0,7.5019998550415,,3.17120003700256,30.0,6.0,33.1720008850098,12.0
InChI%3D1S%2FC9H10Cl2N2O2%2Fc1-13%2815-2%299%2814%2912-6-3-4-7%2810%298%2811%295-6%2Fh3-5H%2C1-2H3%2C%28H%2C12%2C14%29,6.0,7.0,2.78889989852905,25.0,1.78999996185303,11.0,0.0,0.0,1.4210000038147,,1.66999995708466,15.0,3.0,63.7058982849121,6.0
InChI%3D1S%2FC10H11ClN4%2Fc1-8%2814-7-12%2915%282%296-9-3-4-10%2811%2913-5-9%2Fh3-5H%2C6H2%2C1-2H3,18.0,5.0,0.0197121594101191,76.0,4.65000009536743,6.0,4.0,1.0,5.20599985122681,,-0.140400007367134,38.0,9.0,62.1375999450684,18.0
InChI%3D1S%2FC14H17N3O3%2Fc1-7%282%2914%284%2913%2820%2916-11%2817-14%2910-9%2812%2818%2919%295-8%283%296-15-10%2Fh5-7H%2C1-4H3%2C%28H%2C18%2C19%29%28H%2C16%2C17%2C20%29,12.0,4.0,0.0528080388903618,43.0,3.10999989509583,18.0,4.0,0.0,2.36999988555908,,0.229800000786781,25.0,5.0,95.2453002929688,12.0
InChI%3D1S%2FC9H5Cl3N4%2Fc10-5-3-1-2-4-6%285%2913-9-15-7%2811%2914-8%2812%2916-9%2Fh1-4H%2C%28H%2C13%2C14%2C15%2C16%29,12.0,7.0,5.12569618225098,62.0,3.32999992370605,9.0,0.0,0.0,3.57399988174438,,2.26399993896484,33.0,9.0,128.083099365234,12.0
InChI%3D1S%2FC14H17N5O7S2%2Fc1-4-27%2821%2C22%299-6-5-7-15-12%289%2928%2823%2C24%2919-14%2820%2918-13-16-10%2825-2%298-11%2817-13%2926-3%2Fh5-8H%2C4H2%2C1-3H3%2C%28H2%2C16%2C17%2C18%2C19%2C20%29,12.0,6.0,3.92713499069214,45.0,3.22000002861023,13.0,3.0,0.0,2.96600008010864,,1.98169994354248,24.0,4.0,102.099197387695,12.0
InChI%3D1S%2FC10H15O3PS2%2Fc1-8-7-9%285-6-10%288%2916-4%2913-14%2815%2C11-2%2912-3%2Fh5-7H%2C1-4H3,6.0,0.0,1.65559685230255,16.0,2.11999988555908,7.0,0.0,0.0,1.12699997425079,,1.28670001029968,8.0,0.0,36.8432998657227,6.0
InChI%3D1S%2FC12H20N4O2%2Fc1-14%282%2910-13-11%2817%2916%2812%2818%2915%2810%293%299-7-5-4-6-8-9%2Fh9H%2C4-8H2%2C1-3H3,0.0,2.0,1.43041598796844,40.0,2.11999988555908,7.0,0.0,0.0,0.925999999046326,1.0,-1.19599997997284,19.0,2.0,58.717098236084,0.0
InChI%3D1S%2FC10H11N5O%2Fc1-8-7-15%2810%2816%2914-13-8%2912-6-9-3-2-4-11-5-9%2Fh2-6H%2C7H2%2C1H3%2C%28H%2C14%2C16%29,6.0,0.0,0.764050781726837,17.0,2.23000001907349,7.0,0.0,0.0,1.067999958992,,0.874100029468536,10.0,0.0,39.8465003967285,6.0
InChI%3D1S%2FC6H12N2O3%2Fc1-8%282%297-5%289%293-4-6%2810%2911%2Fh3-4H2%2C1-2H3%2C%28H%2C7%2C9%29%28H%2C10%2C11%29,0.0,11.0,0.00115599995478988,23.0,1.57000005245209,4.0,4.0,0.0,-0.247999995946884,2.0,-0.034000001847744,10.0,4.0,39.0854988098145,0.0
InChI%3D1S%2FC7H13O6P%2Fc1-6%285-7%288%2910-2%2913-14%289%2C11-3%2912-4%2Fh5H%2C1-4H3,18.0,8.0,4.72845029830933,67.0,4.09999990463257,6.0,4.0,0.0,3.77699995040894,0.0,2.17449998855591,37.0,8.0,147.555892944336,18.0
InChI%3D1S%2FC15H14Cl2F3N3O3%2Fc1-3-26-13%2824%2910%2817%294-8-5-12%2811%2818%296-9%288%2916%2923-15%2825%2922%2814%2819%2920%297%282%2921-23%2Fh5-6%2C10%2C14H%2C3-4H2%2C1-2H3,0.0,5.0,2.28856372833252,11.0,1.57000005245209,0.0,3.0,0.0,2.7739999294281,,1.51279997825623,4.0,2.0,29.534200668335,0.0
InChI%3D1S%2FC10H19N5O%2Fc1-6%282%2911-8-13-9%2812-7%283%294%2915-10%2814-8%2916-5%2Fh6-7H%2C1-5H3%2C%28H2%2C11%2C12%2C13%2C14%2C15%29,0.0,4.0,2.91600008495152e-05,35.0,1.89999997615814,9.0,0.0,0.0,2.42899990081787,,0.00540000014007092,16.0,3.0,60.6497993469238,0.0
InChI%3D1S%2FC14H24NO4PS3%2Fc1-12%282%2918-20%2821%2C19-13%283%294%2922-11-10-15-23%2816%2C17%2914-8-6-5-7-9-14%2Fh5-9%2C12-13%2C15H%2C10-11H2%2C1-4H3,6.0,17.0,0.302170097827911,47.0,2.00999999046326,10.0,3.0,0.0,4.96400022506714,,0.549700021743774,23.0,10.0,76.3994979858398,6.0
InChI%3D1S%2FC16H17F5N2O2S%2Fc1-7%282%296-8-9%2815%2824%2925-3%2911%2813%2817%2918%2923-12%2816%2819%2C20%2921%2910%288%2914-22-4-5-26-14%2Fh7%2C13H%2C4-6H2%2C1-3H3,6.0,4.0,7.99701833724976,43.0,2.11999988555908,11.0,3.0,0.0,3.79699993133545,,2.82789993286133,27.0,7.0,89.1277008056641,6.0
InChI%3D1S%2FC7H10N4O3%2Fc1-3-9-7%2813%2910-6%2812%295%284-8%2911-14-2%2Fh3H2%2C1-2H3%2C%28H2%2C9%2C10%2C12%2C13%29,0.0,4.0,3.39554333686829,26.0,2.00999999046326,2.0,3.0,0.0,-2.11299991607666,2.0,-1.84270000457764,15.0,3.0,47.7690010070801,0.0
InChI%3D1S%2FC9H6N2S3%2Fc10-5-12-6-13-9-11-7-3-1-2-4-8%287%2914-9%2Fh1-4H%2C6H2,10.0,5.0,3.6565089225769,20.0,1.89999997615814,9.0,0.0,0.0,2.7409999370575,,1.91219997406006,15.0,3.0,34.2700004577637,9.0
InChI%3D1S%2FC11H15N3O2.ClH%2Fc1-12-11%2815%2916-10-6-4-5-9%287-10%2913-8-14%282%293%3B%2Fh4-8H%2C1-3H3%2C%28H%2C12%2C15%29%3B1H,6.0,5.0,0.0111724901944399,33.0,2.00999999046326,13.0,0.0,0.0,3.52099990844727,,-0.105700001120567,16.0,4.0,36.6885986328125,6.0
InChI%3D1S%2FC19H23N3%2Fc1-14-6-8-18%2816%283%2910-14%2920-12-22%285%2913-21-19-9-7-15%282%2911-17%2819%294%2Fh6-13H%2C1-5H3,6.0,4.0,0.401195555925369,21.0,1.78999996185303,10.0,0.0,0.0,1.43900001049042,,0.633400022983551,14.0,2.0,61.2163009643555,6.0
InChI%3D1S%2FC15H20ClN3O%2Fc1-15%282%2C3%2914%2820%2913%2819-10-17-9-18-19%298-11-4-6-12%2816%297-5-11%2Fh4-7%2C9-10%2C13-14%2C20H%2C8H2%2C1-3H3,6.0,8.0,3.30294275283813,44.0,2.55999994277954,6.0,5.0,0.0,1.95700001716614,,1.8173999786377,21.0,5.0,85.7703018188477,6.0
InChI%3D1S%2FC17H21ClN2O2S%2Fc1-11-15%2812-7-9-13%2818%2910-8-12%2923-17%2822%2920%2811%2916%2821%2919-14-5-3-2-4-6-14%2Fh7-11%2C14-15H%2C2-6H2%2C1H3%2C%28H%2C19%2C21%29,0.0,8.0,3.69908285140991,11.0,1.24000000953674,0.0,3.0,0.0,3.37700009346008,,1.92330002784729,7.0,2.0,22.62619972229,0.0
InChI%3D1S%2FC22H17ClF3N3O7%2Fc1-33-18%2830%2921-10-12-9-13%2823%293-8-16%2812%2917%2821%2927-28%2811-35-21%2919%2831%2929%2820%2832%2934-2%2914-4-6-15%287-5-14%2936-22%2824%2C25%2926%2Fh3-9H%2C10-11H2%2C1-2H3,0.0,7.0,0.254722088575363,13.0,1.12999999523163,4.0,2.0,0.0,-0.551999986171722,,-0.504700005054474,6.0,2.0,24.5312995910645,0.0
InChI%3D1S%2FC12H17NO%2Fc1-4-13%285-2%2912%2814%2911-8-6-7-10%283%299-11%2Fh6-9H%2C4-5H2%2C1-3H3,6.0,7.0,0.394258409738541,31.0,2.55999994277954,9.0,2.0,0.0,3.76699995994568,,0.712599992752075,14.0,4.0,89.6020965576172,6.0
InChI%3D1S%2FC6H4Cl2N2O2%2Fc7-4-1-3%2810%2811%2912%292-5%288%296%284%299%2Fh1-2H%2C9H2,6.0,2.0,0.479002416133881,16.0,1.46000003814697,10.0,0.0,0.0,3.21099996566772,,0.692099988460541,12.0,1.0,81.5868988037109,6.0
InChI%3D1S%2FC17H14ClF7O2%2Fc1-6-11%2819%2913%2821%297%2814%2822%2912%286%2920%295-27-15%2826%2910-8%2816%2810%2C2%293%294-9%2818%2917%2823%2C24%2925%2Fh4%2C8%2C10H%2C5H2%2C1-3H3,0.0,3.0,15.5551357269287,43.0,2.55999994277954,14.0,0.0,0.0,1.33000004291534,,-3.94400000572205,27.0,3.0,82.6538009643555,0.0
InChI%3D1S%2FC8H14ClN5%2Fc1-4-10-7-12-6%289%2913-8%2814-7%2911-5%282%293%2Fh5H%2C4H2%2C1-3H3%2C%28H2%2C10%2C11%2C12%2C13%2C14%29,6.0,2.0,9.88976669311523,15.0,1.78999996185303,6.0,0.0,0.0,2.80200004577637,2.0,3.14479994773865,11.0,1.0,54.5499992370605,6.0
InChI%3D1S%2FC9H17N5S%2Fc1-5-10-7-12-8%2811-6%282%293%2914-9%2813-7%2915-4%2Fh6H%2C5H2%2C1-4H3%2C%28H2%2C10%2C11%2C12%2C13%2C14%29,12.0,5.0,2.62861371040344,62.0,2.77999997138977,11.0,3.0,0.0,0.774999976158142,2.0,-1.62129998207092,35.0,7.0,129.882797241211,12.0
InChI%3D1S%2FC17H20N2O3%2Fc1-12%282%2922-17%2820%2919-18-15-11-14%289-10-16%2815%2921-3%2913-7-5-4-6-8-13%2Fh4-12%2C18H%2C1-3H3%2C%28H%2C19%2C20%29,12.0,8.0,2.46866941452026,42.0,2.77999997138977,18.0,0.0,0.0,4.79199981689453,,1.57120001316071,23.0,6.0,93.7656021118164,12.0
InChI%3D1S%2FC8H6Cl2O3%2Fc1-13-7-5%2810%293-2-4%289%296%287%298%2811%2912%2Fh2-3H%2C1H3%2C%28H%2C11%2C12%29,6.0,2.0,,19.0,1.78999996185303,10.0,0.0,0.0,1.78100001811981,,1.20679998397827,13.0,2.0,,6.0
InChI%3D1S%2FC6H3Cl4N%2Fc7-5-3-1-2-4%2811-5%296%288%2C9%2910%2Fh1-3H,12.0,2.0,0.0841000005602837,26.0,1.89999997615814,15.0,0.0,0.0,0.935000002384186,,-0.28999999165535,17.0,2.0,61.560001373291,12.0
InChI%3D1S%2FCH2N2%2Fc2-1-3%2Fh2H2,12.0,6.0,6.14494514465332,43.0,2.77999997138977,13.0,3.0,0.0,3.3289999961853,1.0,2.47889995574951,26.0,5.0,101.755798339844,12.0
InChI%3D1S%2FC13H13ClN4O2S%2Fc1-9-4-6-10%287-5-9%2912-13%2814%2916-11%288-15%2918%2812%2921%2819%2C20%2917%282%293%2Fh4-7H%2C1-3H3,11.0,6.0,0.830285429954529,34.0,2.00999999046326,17.0,0.0,0.0,2.52500009536743,,0.911199986934662,22.0,3.0,84.6510009765625,11.0
InChI%3D1S%2FC12H13NO2S%2Fc1-9-11%2816-8-7-15-9%2912%2814%2913-10-5-3-2-4-6-10%2Fh2-6H%2C7-8H2%2C1H3%2C%28H%2C13%2C14%29,6.0,3.0,0.153507232666016,29.0,2.33999991416931,12.0,0.0,0.0,3.7739999294281,,0.391799986362457,17.0,2.0,,6.0
InChI%3D1S%2FC22H19Cl2NO3%2Fc1-22%282%2917%2812-19%2823%2924%2920%2822%2921%2826%2928-18%2813-25%2914-7-6-10-16%2811-14%2927-15-8-4-3-5-9-15%2Fh3-12%2C17-18%2C20H%2C1-2H3,12.0,6.0,2.95599246025085,47.0,3.22000002861023,13.0,2.0,1.0,6.90899991989136,,1.71930003166199,30.0,7.0,59.0901985168457,12.0
InChI%3D1S%2FC17H20N6O7S%2Fc1-23%282%2915%2825%2911-6-5-10%2818-9-24%297-12%2811%2931%2827%2C28%2922-17%2826%2921-16-19-13%2829-3%298-14%2820-16%2930-4%2Fh5-9H%2C1-4H3%2C%28H%2C18%2C24%29%28H2%2C19%2C20%2C21%2C22%2C26%29,12.0,7.0,1.40185594558716,51.0,1.78999996185303,27.0,0.0,1.0,1.01999998092651,,-1.18400001525879,32.0,9.0,62.9143981933594,12.0
InChI%3D1S%2FC12H23NO3%2Fc1-3-10%282%2916-12%2815%2913-8-5-4-6-11%2813%297-9-14%2Fh10-11%2C14H%2C3-9H2%2C1-2H3,0.0,7.0,3.83885645866394,39.0,2.33999991416931,4.0,4.0,0.0,1.81400001049042,1.0,-1.95930004119873,16.0,6.0,53.9329986572266,0.0
InChI%3D1S%2FC13H11ClN2O4S.Na%2Fc1-19-9-6-10%2820-2%2916-13%2815-9%2921-8-5-3-4-7%2814%2911%288%2912%2817%2918%3B%2Fh3-6H%2C1-2H3%2C%28H%2C17%2C18%29%3B%2Fq%3B%2B1%2Fp-1,12.0,2.0,,32.0,1.89999997615814,9.0,0.0,0.0,0.637000024318695,,,22.0,5.0,,12.0
InChI%3D1S%2FC10H20NO4PS%2Fc1-6-11-16%2817%2C13-5%2915-9%284%297-10%2812%2914-8%282%293%2Fh7-8H%2C6H2%2C1-5H3%2C%28H%2C11%2C17%29,6.0,3.0,,53.0,3.10999989509583,17.0,2.0,0.0,,,,30.0,4.0,,6.0
InChI%3D1S%2FC12H18N4O6S%2Fc1-3-5-14%286-4-2%2912-10%2815%2817%2918%297-9%2823%2813%2C21%2922%298-11%2812%2916%2819%2920%2Fh7-8H%2C3-6H2%2C1-2H3%2C%28H2%2C13%2C21%2C22%29,6.0,7.0,,41.0,1.57000005245209,17.0,3.0,0.0,1.81500005722046,,-1.4666999578476,23.0,8.0,,6.0
InChI%3D1S%2FC14H13F4N3O2S%2Fc1-8%282%2921%2810-5-3-9%2815%294-6-10%2911%2822%297-23-13-20-19-12%2824-13%2914%2816%2C17%2918%2Fh3-6%2C8H%2C7H2%2C1-2H3,6.0,8.0,3.30294275283813,44.0,2.55999994277954,6.0,5.0,0.0,1.95700001716614,,1.8173999786377,21.0,5.0,85.7703018188477,6.0
InChI%3D1S%2FC19H25ClN2OS%2Fc1-18%282%2C3%2914-9-7-13%288-10-14%2912-24-15-11-21-22%2819%284%2C5%296%2917%2823%2916%2815%2920%2Fh7-11H%2C12H2%2C1-6H3,0.0,0.0,5.20843696594238,13.0,1.67999994754791,0.0,0.0,0.0,2.30599999427795,,1.16419994831085,6.0,0.0,55.1688003540039,0.0
InChI%3D1S%2FC18H35NO2%2Fc1-6-12-19%287-2%2913-16-14-20-18%2821-16%2910-8-15%289-11-18%2917%283%2C4%295%2Fh15-16H%2C6-14H2%2C1-5H3,0.0,7.0,6.57358312606812,56.0,3.10999989509583,0.0,3.0,0.0,4.86399984359741,0.0,2.56389999389648,22.0,6.0,93.1490020751953,0.0
InChI%3D1S%2FC22H26O3%2Fc1-15%282%2910-19-20%2822%2819%2C3%294%2921%2823%2925-14-17-12-18%2824-13-17%2911-16-8-6-5-7-9-16%2Fh5-10%2C12-13%2C19-20H%2C11%2C14H2%2C1-4H3,6.0,5.0,,43.0,2.33999991416931,7.0,2.0,0.0,0.685000002384186,0.0,0.627900004386902,26.0,5.0,,6.0
InChI%3D1S%2FC12H9ClF3N3O%2Fc1-17-9-6-18-19%2811%2820%2910%289%2913%298-4-2-3-7%285-8%2912%2814%2C15%2916%2Fh2-6%2C17H%2C1H3,0.0,6.0,,34.0,2.45000004768372,8.0,6.0,0.0,3.80900001525879,,,15.0,5.0,,0.0
InChI%3D1S%2FC9H10ClN2O5PS%2Fc1-15-18%2814%2C16-2%2919-5-12-8-7%2817-9%2812%2913%293-6%2810%294-11-8%2Fh3-4H%2C5H2%2C1-2H3,6.0,8.0,2.01129126548767,29.0,1.35000002384186,10.0,0.0,0.0,-0.136999994516373,,1.41820001602173,20.0,5.0,72.1449966430664,6.0
InChI%3D1S%2FC9H10Cl2N2O%2Fc1-13%282%299%2814%2912-6-3-4-7%2810%298%2811%295-6%2Fh3-5H%2C1-2H3%2C%28H%2C12%2C14%29,6.0,6.0,3.32734084129333,24.0,1.89999997615814,10.0,0.0,0.0,2.31599998474121,,1.82410001754761,14.0,2.0,62.086799621582,6.0
InChI%3D1S%2FC10H8ClN3O%2Fc11-9-8%2812%296-13-14%2810%289%2915%297-4-2-1-3-5-7%2Fh1-6H%2C12H2,0.0,7.0,2.20403718948364,19.0,2.00999999046326,2.0,6.0,0.0,1.56900000572205,,-0.327899992465973,6.0,3.0,70.9033966064453,0.0
InChI%3D1S%2FC15H18N4O7S.Na%2Fc1-4-9-26-14-16-19%2815%2822%2918%2814%292%2913%2821%2917-27%2823%2C24%2911-8-6-5-7-10%2811%2912%2820%2925-3%3B%2Fh5-8H%2C4%2C9H2%2C1-3H3%2C%28H%2C17%2C21%29%3B%2Fq%3B%2B1%2Fp-1,6.0,6.0,,45.0,1.67999994754791,22.0,3.0,1.0,2.79500007629395,,,28.0,8.0,,6.0
InChI%3D1S%2FC20H19NO3%2Fc1-16%2823-20-9-5-6-14-21-20%2915-22-17-10-12-19%2813-11-17%2924-18-7-3-2-4-8-18%2Fh2-14%2C16H%2C15H2%2C1H3,18.0,5.0,0.202320039272308,43.0,3.22000002861023,14.0,3.0,1.0,6.15700006484985,,-0.44980001449585,26.0,7.0,18.8661003112793,18.0
InChI%3D1S%2FC21H23ClFNO5%2Fc1-2-3-6-9-28-19%2825%2912-29-18-11-17%2816%2823%2910-15%2818%2922%2924-20%2826%2913-7-4-5-8-14%2813%2921%2824%2927%2Fh10-11H%2C2-9%2C12H2%2C1H3,6.0,10.0,1.33864903450012,52.0,2.89000010490417,14.0,5.0,0.0,3.98099994659424,,-1.15699994564056,31.0,9.0,74.1220016479492,6.0
InChI%3D1S%2FC12H11Cl2NO%2Fc1-4-12%282%2C3%2915-11%2816%298-5-9%2813%297-10%2814%296-8%2Fh1%2C5-7H%2C2-3H3%2C%28H%2C15%2C16%29,6.0,8.0,7.65075588226318,27.0,2.33999991416931,9.0,4.0,0.0,3.50300002098083,,2.76600003242493,16.0,2.0,41.2397994995117,6.0
InChI%3D1S%2FC14H16ClN3O2%2Fc1-14%282%2C3%2912%2819%2913%2818-9-16-8-17-18%2920-11-6-4-10%2815%295-7-11%2Fh4-9%2C13H%2C1-3H3,0.0,5.0,1.07060408592224,17.0,1.78999996185303,0.0,0.0,0.0,-0.128000006079674,,-1.03470003604889,4.0,0.0,22.7868003845215,0.0
InChI%3D1S%2FC8H19O2PS2%2Fc1-4-7-12-11%289%2C10-6-3%2913-8-5-2%2Fh4-8H2%2C1-3H3,0.0,13.0,16.7772159576416,32.0,1.78999996185303,3.0,3.0,0.0,2.62700009346008,0.0,0.920199990272522,12.0,8.0,94.7104034423828,0.0
InChI%3D1S%2FC12H6F2N2O2%2Fc13-12%2814%2917-10-3-1-2-8%2811%2810%2918-12%299-6-16-5-7%289%294-15%2Fh1-3%2C5-6%2C16H,11.0,2.0,3.11981558799744,23.0,2.11999988555908,8.0,0.0,0.0,1.99300003051758,,1.76629996299744,20.0,1.0,14.743200302124,6.0
InChI%3D1S%2FC19H17Cl2N3O3%2Fc1-13-9-25-19%2827-13%2C10-24-12-22-11-23-24%2917-7-6-16%288-18%2817%2921%2926-15-4-2-14%2820%293-5-15%2Fh2-8%2C11-13H%2C9-10H2%2C1H3,17.0,0.0,1.17418897151947,44.0,2.67000007629395,13.0,0.0,0.0,4.12400007247925,,1.08360004425049,30.0,5.0,40.0080986022949,12.0
InChI%3D1S%2FC15H12F3NO4S%2Fc1-24%2821%2C22%2912-6-9%2815%2816%2C17%2918%294-5-10%2812%2913%2820%2911-7-19-23-14%2811%298-2-3-8%2Fh4-8H%2C2-3H2%2C1H3,6.0,4.0,2.77622246742249,40.0,2.11999988555908,11.0,0.0,0.0,1.64499998092651,,1.66620004177094,26.0,5.0,51.1352005004883,6.0
InChI%3D1S%2FC14H13NO7S%2Fc1-23%2821%2C22%298-5-6-9%2810%287-8%2915%2819%2920%2914%2818%2913-11%2816%293-2-4-12%2813%2917%2Fh5-7%2C13H%2C2-4H2%2C1H3,18.0,5.0,29.6970500946045,56.0,3.54999995231628,23.0,0.0,0.0,4.76999998092651,,5.44950008392334,31.0,6.0,127.551200866699,18.0
InChI%3D1S%2FC17H19NO4%2Fc1-2-20-17%2819%2918-12-13-21-14-8-10-16%2811-9-14%2922-15-6-4-3-5-7-15%2Fh3-11H%2C2%2C12-13H2%2C1H3%2C%28H%2C18%2C19%29,12.0,9.0,0.0977812930941582,41.0,2.77999997138977,14.0,2.0,0.0,4.96299982070923,,0.312700003385544,23.0,8.0,32.2939987182617,12.0
InChI%3D1S%2FC14H16Cl3NO2%2Fc1-4-14%283%2C12%2819%297-15%2918-13%2820%299-5-10%2816%298%282%2911%2817%296-9%2Fh5-6H%2C4%2C7H2%2C1-3H3%2C%28H%2C18%2C20%29,6.0,11.0,5.04271936416626,36.0,2.33999991416931,9.0,5.0,0.0,3.58899998664856,,2.24559998512268,20.0,5.0,57.5791015625,6.0
InChI%3D1S%2FC9H12NO5PS%2Fc1-7-6-8%284-5-9%287%2910%2811%2912%2915-16%2817%2C13-2%2914-3%2Fh4-6H%2C1-3H3,6.0,3.0,0.0842160433530807,14.0,2.00999999046326,9.0,0.0,0.0,0.500999987125397,,0.290199995040894,9.0,1.0,34.6772003173828,6.0
InChI%3D1S%2FC7H4Cl3NO3%2Fc8-3-1-4%289%297%2811-6%283%2910%2914-2-5%2812%2913%2Fh1H%2C2H2%2C%28H%2C12%2C13%29,6.0,5.0,,18.0,1.46000003814697,7.0,2.0,0.0,1.47000002861023,,,14.0,3.0,,6.0
InChI%3D1S%2FC10H7N3S%2Fc1-2-4-8-7%283-1%2912-10%2813-8%299-5-14-6-11-9%2Fh1-6H%2C%28H%2C12%2C13%29,15.0,0.0,4.90401029586792,20.0,2.11999988555908,8.0,0.0,0.0,2.50099992752075,3.0,2.21449995040894,16.0,1.0,152.401794433594,11.0
InChI%3D1S%2FC13H19N3O4%2Fc1-5-10%286-2%2914-12-11%2815%2817%2918%297-8%283%299%284%2913%2812%2916%2819%2920%2Fh7%2C10%2C14H%2C5-6H2%2C1-4H3,6.0,6.0,,39.0,2.11999988555908,13.0,5.0,1.0,5.67999982833862,,,20.0,6.0,,6.0
InChI%3D1S%2FC24H38O4%2Fc1-5-9-13-19%287-3%2917-27-23%2825%2921-15-11-12-16-22%2821%2924%2826%2928-18-20%288-4%2914-10-6-2%2Fh11-12%2C15-16%2C19-20H%2C5-10%2C13-14%2C17-18H2%2C1-4H3,6.0,2.0,3.26488757133484,17.0,1.57000005245209,11.0,0.0,0.0,1.74300003051758,,1.80690002441406,11.0,1.0,72.8276977539062,6.0
InChI%3D1S%2FC16H14Cl2O4%2Fc1-10%2816%2819%2920-2%2921-12-4-6-13%287-5-12%2922-15-8-3-11%2817%299-14%2815%2918%2Fh3-10H%2C1-2H3,6.0,4.0,24.2270679473877,49.0,3.32999992370605,7.0,3.0,1.0,5.84000015258789,,4.92210006713867,19.0,3.0,86.2814025878906,6.0
InChI%3D1S%2FC10H12N3O3PS2%2Fc1-15-17%2818%2C16-2%2919-7-13-10%2814%298-5-3-4-6-9%288%2911-12-13%2Fh3-6H%2C7H2%2C1-2H3,6.0,8.0,4.47618627548218,31.0,1.57000005245209,11.0,0.0,0.0,1.46300005912781,,2.11570000648499,20.0,5.0,82.2892990112305,6.0
InChI%3D1S%2FC10H12N2O3S%2Fc1-7%282%2912-10%2813%298-5-3-4-6-9%288%2911-16%2812%2C14%2915%2Fh3-7%2C11H%2C1-2H3,6.0,3.0,0.574715614318848,28.0,1.89999997615814,13.0,3.0,0.0,0.444000005722046,,-0.758099973201752,17.0,1.0,62.8418006896973,6.0
InChI%3D1S%2FC8H10ClN5O3S%2Fc1-12-4-17-5-13%288%2812%2911-14%2815%2916%293-6-2-10-7%289%2918-6%2Fh2H%2C3-5H2%2C1H3,5.0,4.0,0.0907816886901855,28.0,1.24000000953674,7.0,0.0,0.0,2.57599997520447,,-0.30129998922348,19.0,3.0,48.1669006347656,5.0
InChI%3D1S%2FC4H4N2O2%2Fc7-3-1-2-4%288%296-5-3%2Fh1-2H%2C%28H%2C5%2C7%29%28H%2C6%2C8%29,6.0,0.0,0.847504377365112,12.0,1.46000003814697,8.0,0.0,0.0,0.00800000037997961,,-0.92059999704361,8.0,0.0,5.12919998168945,6.0
InChI%3D1S%2FC16H23N3OS%2Fc1-12%282%2919-14%2817-16%283%2C4%295%2921-11-18%2815%2819%2920%2913-9-7-6-8-10-13%2Fh6-10%2C12H%2C11H2%2C1-5H3,6.0,5.0,6.57358312606812,44.0,2.67000007629395,12.0,3.0,0.0,2.43300008773804,,2.56389999389648,22.0,3.0,93.1490020751953,6.0
InChI%3D1S%2FC8H10NO5PS%2Fc1-12-15%2816%2C13-2%2914-8-5-3-7%284-6-8%299%2810%2911%2Fh3-6H%2C1-2H3,6.0,7.0,8.00097751617432,41.0,1.57000005245209,17.0,3.0,0.0,3.48000001907349,,0.958400011062622,23.0,8.0,54.0806999206543,6.0
InChI%3D1S%2FC8H6Cl2O3%2Fc9-5-1-2-7%286%2810%293-5%2913-4-8%2811%2912%2Fh1-3H%2C4H2%2C%28H%2C11%2C12%29,6.0,0.0,0.0272250007838011,14.0,2.00999999046326,6.0,0.0,0.0,0.140000000596046,,0.165000006556511,7.0,0.0,53.1162986755371,6.0
InChI%3D1S%2FC11H10Cl2F2N4O3S%2Fc1-5-16-19%2811%2820%2918%285%2910%2814%2915%299-4-8%2817-23%282%2C21%2922%296%2812%293-7%289%2913%2Fh3-4%2C10%2C17H%2C1-2H3,12.0,10.0,0.991020262241364,46.0,3.0,16.0,4.0,0.0,3.31699991226196,,0.19709999859333,27.0,9.0,55.3376007080078,12.0
InChI%3D1S%2FC22H28N2O3%2Fc1-14-11-15%282%2913-17%2812-14%2921%2826%2924%2822%284%2C5%296%2923-20%2825%2918-9-8-10-19%2827-7%2916%2818%293%2Fh8-13H%2C1-7H3%2C%28H%2C23%2C25%29,12.0,10.0,4.80223417282104,55.0,3.32999992370605,19.0,0.0,1.0,6.84600019454956,,2.19140005111694,28.0,6.0,59.2405014038086,12.0
InChI%3D1S%2FC15H16F3N5O4S%2Fc1-9-19-12%2822-14%2820-9%2927-2%2921-13%2824%2923-28%2825%2C26%2911-6-4-3-5-10%2811%297-8-15%2816%2C17%2918%2Fh3-6H%2C7-8H2%2C1-2H3%2C%28H2%2C19%2C20%2C21%2C22%2C23%2C24%29,6.0,7.0,3.20016312599182,44.0,1.67999994754791,20.0,3.0,0.0,3.71099996566772,,-0.926500022411346,29.0,7.0,162.10270690918,6.0
InChI%3D1S%2FC9H8Cl3NO2S%2Fc10-9%2811%2C12%2916-13-7%2814%295-3-1-2-4-6%285%298%2813%2915%2Fh1-2%2C5-6H%2C3-4H2,6.0,6.0,3.32734084129333,24.0,1.89999997615814,10.0,0.0,0.0,2.31599998474121,0.0,1.82410001754761,14.0,2.0,62.086799621582,6.0
InChI%3D1S%2FC6H8ClN5O2S%2Fc1-8-6%2811-12%2813%2914%2910-3-4-2-9-5%287%2915-4%2Fh2H%2C3H2%2C1H3%2C%28H2%2C8%2C10%2C11%29,5.0,9.0,13.2059564590454,23.0,1.12999999523163,7.0,0.0,0.0,1.50100004673004,,0.151700004935265,15.0,5.0,50.6963996887207,5.0
InChI%3D1S%2FC11H21NOS%2Fc1-3-12%2811%2813%2914-4-2%2910-8-6-5-7-9-10%2Fh10H%2C3-9H2%2C1-2H3,6.0,2.0,1.84334933757782,15.0,1.78999996185303,9.0,0.0,0.0,2.28399991989136,0.0,1.35769999027252,11.0,1.0,52.703498840332,6.0
InChI%3D1S%2FC14H15N3%2Fc1-10-9-13%2811-7-8-11%2917-14%2815-10%2916-12-5-3-2-4-6-12%2Fh2-6%2C9%2C11H%2C7-8H2%2C1H3%2C%28H%2C15%2C16%2C17%29,12.0,0.0,0.141300812363625,32.0,2.67000007629395,13.0,0.0,0.0,1.06400001049042,,0.375900000333786,19.0,3.0,72.0883026123047,12.0
InChI%3D1S%2FC14H17Cl2NO2%2Fc1-14%287-3-2-4-8-14%2913%2819%2917-9-5-6-10%2818%2912%2816%2911%289%2915%2Fh5-6%2C18H%2C2-4%2C7-8H2%2C1H3%2C%28H%2C17%2C19%29,18.0,10.0,10.9514665603638,56.0,3.54999995231628,13.0,4.0,0.0,3.71700000762939,,3.3092999458313,35.0,10.0,48.8604011535645,18.0
InChI%3D1S%2FC9H6Cl6O3S%2Fc10-5-6%2811%298%2813%294-2-18-19%2816%2917-1-3%284%297%285%2C12%299%288%2C14%2915%2Fh3-4H%2C1-2H2,6.0,2.0,4.69155597686768,20.0,2.23000001907349,7.0,2.0,0.0,1.39100003242493,0.0,2.16599988937378,9.0,1.0,76.9888000488281,6.0
InChI%3D1S%2FC14H9Cl5O%2Fc15-11-5-1-9%282-6-11%2913%2820%2C14%2817%2C18%2919%2910-3-7-12%2816%298-4-10%2Fh1-8%2C20H,6.0,4.0,0.103555239737034,20.0,2.00999999046326,10.0,2.0,0.0,0.61599999666214,,0.321799993515015,11.0,1.0,45.7897987365723,6.0
InChI%3D1S%2FC12H18ClNO2S%2Fc1-8-7-17-10%283%2912%288%2914%2811%2815%295-13%299%282%296-16-4%2Fh7%2C9H%2C5-6H2%2C1-4H3,5.0,10.0,2.37314033508301,35.0,2.23000001907349,8.0,3.0,0.0,2.23799991607666,,1.54050004482269,17.0,6.0,57.9718017578125,5.0
InChI%3D1S%2FC12H13N3%2Fc1-9-8-10%282%2914-12%2813-9%2915-11-6-4-3-5-7-11%2Fh3-8H%2C1-2H3%2C%28H%2C13%2C14%2C15%29,12.0,0.0,0.372466087341309,28.0,2.45000004768372,13.0,0.0,0.0,0.857999980449677,,0.610300004482269,16.0,2.0,66.1144027709961,12.0
InChI%3D1S%2FC7H12ClN5%2Fc1-3-9-6-11-5%288%2912-7%2813-6%2910-4-2%2Fh3-4H2%2C1-2H3%2C%28H2%2C9%2C10%2C11%2C12%2C13%29,0.0,3.0,0.537435591220856,25.0,1.57000005245209,8.0,2.0,0.0,1.60199999809265,,0.73309999704361,13.0,2.0,49.1427993774414,0.0
InChI%3D1S%2FC14H14Cl2N2O%2Fc1-2-7-19-14%289-18-6-5-17-10-18%2912-4-3-11%2815%298-13%2812%2916%2Fh2-6%2C8%2C10%2C14H%2C1%2C7%2C9H2,0.0,0.0,,27.0,2.33999991416931,1.0,0.0,0.0,2.53099989891052,,0.0125000001862645,13.0,0.0,,0.0
InChI%3D1S%2FC13H15ClN6O7S%2Fc1-20-10%288%289%2814%2918-20%2911%2821%2927-4%2928%2823%2C24%2919-13%2822%2917-12-15-6%2825-2%295-7%2816-12%2926-3%2Fh5H%2C1-4H3%2C%28H2%2C15%2C16%2C17%2C19%2C22%29,11.0,7.0,0.00326040992513299,43.0,1.24000000953674,15.0,0.0,1.0,0.0790000036358833,,0.0571000017225742,29.0,8.0,60.9360008239746,6.0
InChI%3D1S%2FC15H13Cl2F3N2O4%2Fc1-3-24-11%2823%296-25-10-4-7%289%2818%295-8%2810%2916%2913-12%2817%2914%2822%282%2921-13%2926-15%2819%2920%2Fh4-5%2C15H%2C3%2C6H2%2C1-2H3,11.0,7.0,7.61539220809937,39.0,1.89999997615814,7.0,2.0,0.0,3.1489999294281,,2.75959992408752,27.0,8.0,50.4832992553711,6.0
InChI%3D1S%2FC15H17Cl2N3O2%2Fc1-2-3-12-7-21-15%2822-12%2C8-20-10-18-9-19-20%2913-5-4-11%2816%296-14%2813%2917%2Fh4-6%2C9-10%2C12H%2C2-3%2C7-8H2%2C1H3,6.0,3.0,5.27253437042236,43.0,2.33999991416931,6.0,3.0,0.0,1.83299994468689,,2.29620003700256,24.0,5.0,39.5197982788086,6.0
InChI%3D1S%2FC17H17N2.CH4O4S%2Fc1-18-16%2814-9-5-3-6-10-14%2913-17%2819%2818%292%2915-11-7-4-8-12-15%3B1-5-6%282%2C3%294%2Fh3-13H%2C1-2H3%3B1H3%2C%28H%2C2%2C3%2C4%29%2Fq%2B1%3B%2Fp-1,17.0,6.0,15.3883600234985,46.0,2.67000007629395,6.0,0.0,0.0,4.33300018310547,,-2.31069993972778,26.0,3.0,181.695999145508,12.0
InChI%3D1S%2FC23H22ClF3O2%2Fc1-14-16%2810-7-11-17%2814%2915-8-5-4-6-9-15%2913-29-21%2828%2920-18%2822%2820%2C2%293%2912-19%2824%2923%2825%2C26%2927%2Fh4-12%2C18%2C20H%2C13H2%2C1-3H3,6.0,6.0,0.413577616214752,39.0,2.11999988555908,13.0,5.0,0.0,,,0.643100023269653,20.0,6.0,61.6697998046875,6.0
InChI%3D1S%2FC19H26O3%2Fc1-7-8-13-12%284%2916%2810-15%2813%2920%2922-18%2821%2917-14%289-11%282%293%2919%2817%2C5%296%2Fh7%2C9%2C14%2C16-17H%2C1%2C8%2C10H2%2C2-6H3,23.0,7.0,4.90401029586792,68.0,4.21000003814697,20.0,3.0,0.0,4.00699996948242,0.0,2.21449995040894,38.0,10.0,152.401794433594,22.0
InChI%3D1S%2FC22H28N2O2%2Fc1-7-17-8-10-18%2811-9-17%2920%2825%2923-24%2822%284%2C5%296%2921%2826%2919-13-15%282%2912-16%283%2914-19%2Fh8-14H%2C7H2%2C1-6H3%2C%28H%2C23%2C25%29,12.0,10.0,,54.0,3.44000005722046,18.0,2.0,1.0,7.81199979782104,,3.18370008468628,27.0,7.0,,12.0
InChI%3D1S%2FC15H11ClF3NO4%2Fc1-2-23-14-8-10%284-5-12%2814%2920%2821%2922%2924-13-6-3-9%287-11%2813%2916%2915%2817%2C18%2919%2Fh3-8H%2C2H2%2C1H3,12.0,3.0,3.38670420646667,35.0,2.11999988555908,17.0,2.0,1.0,5.76000022888184,,1.84029996395111,25.0,6.0,,12.0
InChI%3D1S%2FC17H26ClNO2%2Fc1-4-7-11-21-13-19%2816%2820%2912-18%2917-14%285-2%299-8-10-15%2817%296-3%2Fh8-10H%2C4-7%2C11-13H2%2C1-3H3,5.0,4.0,0.180795043706894,28.0,1.24000000953674,7.0,0.0,0.0,,,0.42519998550415,19.0,3.0,,5.0
InChI%3D1S%2FC5H10N2S2%2Fc1-6-3-7%282%295%288%299-4-6%2Fh3-4H2%2C1-2H3,6.0,3.0,2.56672430038452,18.0,1.46000003814697,10.0,0.0,0.0,0.778999984264374,0.0,1.60210001468658,14.0,2.0,45.986198425293,6.0
InChI%3D1S%2FC18H16ClNO5%2Fc1-3-22-17%2821%2911%282%2923-13-5-7-14%288-6-13%2924-18-20-15-9-4-12%2819%2910-16%2815%2925-18%2Fh4-11H%2C3H2%2C1-2H3,16.0,8.0,,41.0,2.67000007629395,17.0,3.0,0.0,4.57600021362305,,0.437799990177155,27.0,7.0,,15.0
InChI%3D1S%2FC18H26O2%2Fc1-13%282%2918-10-9-17%284%2C20-18%2916%2811-18%2919-12-15-8-6-5-7-14%2815%293%2Fh5-8%2C13%2C16H%2C9-12H2%2C1-4H3,6.0,2.0,,46.0,3.22000002861023,6.0,0.0,1.0,5.31500005722046,,1.50440001487732,22.0,4.0,,6.0
InChI%3D1S%2FC13H13Cl2N3O3%2Fc1-7%282%2916-12%2820%2917-6-11%2819%2918%2813%2817%2921%2910-4-8%2814%293-9%2815%295-10%2Fh3-5%2C7H%2C6H2%2C1-2H3%2C%28H%2C16%2C20%29,6.0,6.0,1.24970042705536,34.0,2.00999999046326,15.0,3.0,0.0,2.11100006103516,,1.11790001392365,22.0,3.0,82.7414016723633,6.0
InChI%3D1S%2FC4H8Cl3O4P%2Fc1-10-12%289%2C11-2%293%288%294%285%2C6%297%2Fh3%2C8H%2C1-2H3,0.0,12.0,1.5331392288208,20.0,1.01999998092651,4.0,2.0,0.0,0.52700001001358,1.0,1.23819994926453,11.0,4.0,47.5918006896973,0.0
InChI%3D1S%2FC16H12ClF4N3O4%2Fc1-2-22%288-10-11%2817%294-3-5-12%2810%2918%2915-13%2823%2825%2926%296-9%2816%2819%2C20%2921%297-14%2815%2924%2827%2928%2Fh3-7H%2C2%2C8H2%2C1H3,0.0,0.0,6.79332113265991,13.0,1.35000002384186,4.0,0.0,0.0,-0.0240000002086163,,-1.1311000585556,7.0,0.0,,0.0
InChI%3D1S%2FC14H18ClN3O2%2Fc1-14%282%2C3%2912%2819%2913%2818-9-16-8-17-18%2920-11-6-4-10%2815%295-7-11%2Fh4-9%2C12-13%2C19H%2C1-3H3,11.0,8.0,,38.0,2.33999991416931,7.0,4.0,0.0,2.94400000572205,,,21.0,5.0,,6.0
InChI%3D1S%2FC12H10O%2Fc13-12-9-5-4-8-11%2812%2910-6-2-1-3-7-10%2Fh1-9%2C13H,12.0,0.0,3.43175625801086,23.0,2.67000007629395,13.0,0.0,0.0,2.57100009918213,,1.85249996185303,14.0,1.0,61.0769004821777,12.0
InChI%3D1S%2FC12H9F2N5O2S%2Fc1-7-5-6-19-11%2815-7%2916-12%2817-19%2922%2820%2C21%2918-10-8%2813%293-2-4-9%2810%2914%2Fh2-6%2C18H%2C1H3,6.0,4.0,0.0610090009868145,39.0,1.67999994754791,10.0,0.0,0.0,-0.090999998152256,,-0.246999993920326,24.0,3.0,78.1748962402344,6.0
InChI%3D1S%2FC6H11Cl4O3PS%2Fc1-3-11-14%2815%2C12-4-2%2913-5%287%296%288%2C9%2910%2Fh5H%2C3-4H2%2C1-2H3,6.0,6.0,,30.0,2.45000004768372,7.0,2.0,0.0,1.66700005531311,0.0,,13.0,4.0,,6.0
InChI%3D1S%2FC19H25NO4%2Fc1-11%282%299-14-15%2819%2814%2C3%294%2918%2823%2924-10-20-16%2821%2912-7-5-6-8-13%2812%2917%2820%2922%2Fh9%2C14-15H%2C5-8%2C10H2%2C1-4H3,0.0,4.0,0.953161716461182,49.0,3.0,7.0,3.0,0.0,3.19700002670288,0.0,0.976300001144409,26.0,5.0,87.4697036743164,0.0
InChI%3D1S%2FC19H17ClN2O4%2Fc1-3-24-19%2823%2912%282%2925-14-5-7-15%288-6-14%2926-18-11-21-17-10-13%2820%294-9-16%2817%2922-18%2Fh4-12H%2C3H2%2C1-2H3,17.0,8.0,,43.0,2.77999997138977,18.0,3.0,0.0,2.60599994659424,,0.591899991035461,28.0,7.0,,16.0
InChI%3D1S%2FC8H10N2O4S%2Fc1-14-8%2811%2910-15%2812%2C13%297-4-2-6%289%293-5-7%2Fh2-5H%2C9H2%2C1H3%2C%28H%2C10%2C11%29,6.0,8.0,,25.0,1.57000005245209,14.0,0.0,0.0,-0.231000006198883,,,15.0,3.0,,6.0
InChI%3D1S%2FC15H18Cl2N2O3%2Fc1-8%282%2921-12-7-11%289%2816%296-10%2812%2917%2919-14%2820%2922-13%2818-19%2915%283%2C4%295%2Fh6-8H%2C1-5H3,6.0,4.0,0.107125289738178,40.0,2.33999991416931,13.0,3.0,0.0,4.2039999961853,,0.327300012111664,23.0,4.0,91.3720016479492,6.0
InChI%3D1S%2FC13H17NO4%2Fc1-3-7-17-12%2815%2910-5-6-11%2814-9-10%2913%2816%2918-8-4-2%2Fh5-6%2C9H%2C3-4%2C7-8H2%2C1-2H3,6.0,6.0,0.399929761886597,35.0,2.33999991416931,12.0,3.0,0.0,1.22899997234344,,-0.63239997625351,18.0,8.0,39.6283988952637,6.0
InChI%3D1S%2FC15H8Cl2FNO%2Fc16-9-7-12%2817%2915-13%288-9%2919-6-5-14%2815%2920-11-3-1-10%2818%292-4-11%2Fh1-8H,12.0,0.0,6.1652889251709,27.0,2.45000004768372,7.0,0.0,0.0,2.26699995994568,,2.48300004005432,18.0,2.0,76.7157974243164,12.0
InChI%3D1S%2FC9H17ClN3O3PS%2Fc1-5-14-17%2818%2C15-6-2%2916-9-11-8%2810%2913%2812-9%297%283%294%2Fh7H%2C5-6H2%2C1-4H3,11.0,3.0,6.08510208129883,46.0,2.33999991416931,14.0,0.0,0.0,1.31200003623962,,2.46679997444153,29.0,2.0,76.4418029785156,11.0
InChI%3D1S%2FC12H11NO2%2Fc1-13-12%2814%2915-11-8-4-6-9-5-2-3-7-10%289%2911%2Fh2-8H%2C1H3%2C%28H%2C13%2C14%29,6.0,0.0,3.01439046859741,14.0,1.89999997615814,7.0,0.0,0.0,0.439999997615814,,1.41760003566742,8.0,0.0,63.7247009277344,6.0
InChI%3D1S%2FC19H15FN2O4%2Fc1-2-7-21-15-9-14%2813%2820%298-16%2815%2926-10-17%2821%2923%2922-18%2824%2911-5-3-4-6-12%2811%2919%2822%2925%2Fh1%2C8-9H%2C3-7%2C10H2,6.0,3.0,0.752382755279541,41.0,2.77999997138977,17.0,3.0,0.0,1.38100004196167,,-0.867399990558624,29.0,2.0,62.7868995666504,6.0
InChI%3D1S%2FC19H17ClN4%2Fc20-18-8-6-16%287-9-18%2910-11-19%2812-21%2C13-24-15-22-14-23-24%2917-4-2-1-3-5-17%2Fh1-9%2C14-15H%2C10-11%2C13H2,17.0,6.0,0.196160405874252,41.0,3.0,6.0,4.0,1.0,5.86899995803833,,0.442900002002716,26.0,6.0,143.097305297852,12.0
InChI%3D1S%2FC10H19O6PS2%2Fc1-5-15-9%2811%297-8%2810%2812%2916-6-2%2919-17%2818%2C13-3%2914-4%2Fh8H%2C5-7H2%2C1-4H3,0.0,19.0,3.85768890380859,38.0,1.57000005245209,4.0,4.0,1.0,2.00699996948242,0.0,1.96410000324249,18.0,11.0,77.2726974487305,0.0
InChI%3D1S%2FC10H9ClN4S%2Fc11-9-2-1-8%285-13-9%296-15-3-4-16-10%2815%2914-7-12%2Fh1-2%2C5H%2C3-4%2C6H2,6.0,3.0,1.78436160087585,25.0,1.89999997615814,6.0,0.0,0.0,2.14400005340576,,1.33580005168915,17.0,2.0,43.3875999450684,6.0
InChI%3D1S%2FC15H12F4N4O7S%2Fc1-28-11%2824%297-4-2-3-5-8%287%2931%2826%2C27%2923-15%2825%2922-14-20-9%2829-12%2816%2917%296-10%2821-14%2930-13%2818%2919%2Fh2-6%2C12-13H%2C1H3%2C%28H2%2C20%2C21%2C22%2C23%2C25%29,12.0,7.0,2.77222490310669,43.0,1.35000002384186,24.0,0.0,0.0,0.970000028610229,,1.66499996185303,32.0,10.0,95.3277969360352,12.0
InChI%3D1S%2FC22H23NO3%2Fc1-21%282%2919%2822%2821%2C3%294%2920%2824%2926-18%2814-23%2915-9-8-12-17%2813-15%2925-16-10-6-5-7-11-16%2Fh5-13%2C18-19H%2C1-4H3,6.0,0.0,5.27253437042236,18.0,2.33999991416931,6.0,0.0,0.0,2.8659999370575,,2.29620003700256,8.0,0.0,39.5197982788086,6.0
InChI%3D1S%2FC11H15NO3%2Fc1-8%282%2914-9-6-4-5-7-10%289%2915-11%2813%2912-3%2Fh4-8H%2C1-3H3%2C%28H%2C12%2C13%29,6.0,5.0,1.75403535366058,30.0,2.23000001907349,11.0,0.0,0.0,2.27300000190735,,1.32439994812012,15.0,4.0,38.3759002685547,6.0
InChI%3D1S%2FC14H15N5O6S%2Fc1-8-15-12%2818-14%2816-8%2925-3%2917-13%2821%2919-26%2822%2C23%2910-7-5-4-6-9%2810%2911%2820%2924-2%2Fh4-7H%2C1-3H3%2C%28H2%2C15%2C16%2C17%2C18%2C19%2C21%29,6.0,7.0,,41.0,1.67999994754791,23.0,0.0,1.0,1.43900001049042,,-1.78779995441437,27.0,6.0,,6.0
InChI%3D1S%2FC9H9Cl2NO%2Fc1-2-9%2813%2912-6-3-4-7%2810%298%2811%295-6%2Fh3-5H%2C2H2%2C1H3%2C%28H%2C12%2C13%29,6.0,11.0,6.29909610748291,47.0,2.89000010490417,9.0,4.0,0.0,3.57200002670288,,0.42519998550415,21.0,10.0,98.4860992431641,6.0
InChI%3D1S%2FC15H19N3O3%2Fc1-5-9-6-10%2813%2819%2920%2911%2816-7-9%2912-17-14%2821%2915%284%2C18-12%298%282%293%2Fh6-8H%2C5H2%2C1-4H3%2C%28H%2C19%2C20%29%28H%2C17%2C18%2C21%29,6.0,2.0,0.204032883048058,40.0,2.45000004768372,14.0,2.0,0.0,2.49499988555908,,-0.451700001955032,22.0,4.0,,6.0
InChI%3D1S%2FC13H23N2O3PS%2Fc1-7-16-19%2820%2C17-10%282%293%2918-11-8-14-12%2815-9-11%2913%284%2C5%296%2Fh8-10H%2C7H2%2C1-6H3,12.0,5.0,0.81703519821167,49.0,3.22000002861023,8.0,4.0,0.0,1.39100003242493,,0.903900027275085,28.0,6.0,104.847602844238,12.0
InChI%3D1S%2FC15H16O2%2Fc1-15%282%2C11-3-7-13%2816%298-4-11%2912-5-9-14%2817%2910-6-12%2Fh3-10%2C16-17H%2C1-2H3,0.0,3.0,2.6153359413147,5.0,1.24000000953674,0.0,0.0,0.0,2.07399988174438,,1.6172000169754,3.0,0.0,21.364200592041,0.0
InChI%3D1S%2FC14H18N4O3%2Fc1-3-4-9-15-13%2819%2918-11-8-6-5-7-10%2811%2916-12%2818%2917-14%2820%2921-2%2Fh5-8H%2C3-4%2C9H2%2C1-2H3%2C%28H%2C15%2C19%29%28H%2C16%2C17%2C20%29,6.0,0.0,,29.0,2.67000007629395,6.0,0.0,0.0,2.51300001144409,,,14.0,1.0,,6.0
InChI%3D1S%2FC19H15ClF3NO7%2Fc1-3-29-17%2825%2910%282%2930-18%2826%2913-9-12%285-6-15%2813%2924%2827%2928%2931-16-7-4-11%288-14%2816%2920%2919%2821%2C22%2923%2Fh4-10H%2C3H2%2C1-2H3,12.0,10.0,0.946145296096802,46.0,2.23000001907349,19.0,3.0,0.0,,,0.972699999809265,32.0,10.0,40.3573989868164,12.0
InChI%3D1S%2FC18H24N2O4%2Fc1-6-18%283%2C7-2%2914-11-15%2824-20-14%2919-17%2821%2916-12%2822-4%299-8-10-13%2816%2923-5%2Fh8-11H%2C6-7H2%2C1-5H3%2C%28H%2C19%2C21%29,6.0,0.0,0.224391683936119,13.0,1.46000003814697,7.0,0.0,0.0,4.5,,3.10380005836487,12.0,0.0,84.8880996704102,6.0
InChI%3D1S%2FC13H22NO3PS%2Fc1-6-16-18%2815%2C14-10%282%293%2917-12-7-8-13%2819-5%2911%284%299-12%2Fh7-10H%2C6H2%2C1-5H3%2C%28H%2C14%2C15%29,6.0,10.0,,41.0,2.23000001907349,11.0,2.0,0.0,2.33400011062622,,0.0295000001788139,19.0,7.0,,6.0
InChI%3D1S%2FC15H16Cl3N3O2%2Fc1-2-4-20%2815%2822%2921-5-3-19-10-21%296-7-23-14-12%2817%298-11%2816%299-13%2814%2918%2Fh3%2C5%2C8-10H%2C2%2C4%2C6-7H2%2C1H3,6.0,9.0,0.00808200985193253,41.0,2.23000001907349,7.0,3.0,0.0,3.51600003242493,,0.0899000018835068,24.0,8.0,95.2766036987305,6.0
InChI%3D1S%2FC21H22ClNO4%2Fc1-25-19-8-5-16%2813-20%2819%2926-2%2918%2815-3-6-17%2822%297-4-15%2914-21%2824%2923-9-11-27-12-10-23%2Fh3-8%2C13-14H%2C9-12H2%2C1-2H3,12.0,4.0,1.46434199810028,49.0,3.10999989509583,19.0,3.0,0.0,3.55299997329712,,1.21010005474091,29.0,6.0,114.407402038574,12.0
InChI%3D1S%2FC17H9ClF8N2O4%2Fc18-8-6-7%284-5-11%288%2931-16%2822%2C23%2914%2821%2932-17%2824%2C25%2926%2927-15%2830%2928-13%2829%2912-9%2819%292-1-3-10%2812%2920%2Fh1-6%2C14H%2C%28H2%2C27%2C28%2C29%2C30%29,12.0,11.0,,41.0,1.67999994754791,19.0,2.0,0.0,3.74399995803833,,,33.0,8.0,,12.0
InChI%3D1S%2FC12H15ClNO4PS2%2Fc1-3-16-19%2820%2C17-4-2%2921-8-14-10-6-5-9%2813%297-11%2810%2918-12%2814%2915%2Fh5-7H%2C3-4%2C8H2%2C1-2H3,0.0,3.0,2.6153359413147,5.0,1.24000000953674,0.0,0.0,0.0,2.07399988174438,,1.6172000169754,3.0,0.0,21.364200592041,0.0
InChI%3D1S%2FC20H18ClF3N2O6%2Fc1-5-8-31-17%2829%2919%282%2C3%2932-16%2828%2912-9-11%286-7-13%2812%2921%2926-15%2827%2910-14%2820%2822%2C23%2924%2925%284%2918%2826%2930%2Fh5-7%2C9-10H%2C1%2C8H2%2C2-4H3,0.0,3.0,2.64517688751221,26.0,2.00999999046326,8.0,2.0,0.0,0.865000009536743,,-1.62639999389648,13.0,3.0,49.7803001403809,0.0
InChI%3D1S%2FC18H24ClN3O%2Fc1-6-14-15%2819%2916%2822%285%2921-14%2917%2823%2920-11-12-7-9-13%2810-8-12%2918%282%2C3%294%2Fh7-10H%2C6%2C11H2%2C1-5H3%2C%28H%2C20%2C23%29,6.0,4.0,1.91185927391052,51.0,2.89000010490417,6.0,2.0,0.0,3.63299989700317,,1.38269996643066,24.0,6.0,82.6396026611328,6.0
InChI%3D1S%2FC3H2N2S2%2Fc4-1-6-3-7-2-5%2Fh3H2,0.0,7.0,2.12139225006104,9.0,1.35000002384186,2.0,0.0,0.0,0.395999997854233,,1.45650005340576,6.0,2.0,33.1320991516113,0.0
InChI%3D1S%2FC10H10Cl2O3%2Fc11-7-3-4-9%288%2812%296-7%2915-5-1-2-10%2813%2914%2Fh3-4%2C6H%2C1-2%2C5H2%2C%28H%2C13%2C14%29,6.0,7.0,1.12042224407196,25.0,2.00999999046326,7.0,4.0,0.0,2.10800004005432,,1.05850005149841,15.0,5.0,60.7272987365723,6.0
InChI%3D1S%2FC21H24Cl2O4%2Fc1-4-20%282%2C3%2919%2825%2926-17-16%2813-10-14%2822%2912-15%2823%2911-13%2918%2824%2927-21%2817%298-6-5-7-9-21%2Fh10-12H%2C4-9H2%2C1-3H3,6.0,8.0,2.94191098213196,51.0,3.10999989509583,14.0,4.0,1.0,5.46799993515015,,1.71519994735718,29.0,5.0,,6.0
InChI%3D1S%2FC6H10N6%2Fc7-4-10-5%288%2912-6%2811-4%299-3-1-2-3%2Fh3H%2C1-2H2%2C%28H5%2C7%2C8%2C9%2C10%2C11%2C12%29,0.0,0.0,0.375891596078873,22.0,1.46000003814697,9.0,0.0,0.0,2.08200001716614,5.0,-0.613099992275238,13.0,1.0,35.2267990112305,0.0
InChI%3D1S%2FC7H5Cl2FN2O3%2Fc8-3-5%2811%294%289%297%2812-6%283%2910%2915-1-2%2813%2914%2Fh1H2%2C%28H2%2C11%2C12%29%28H%2C13%2C14%29,17.0,8.0,3.9338755607605,43.0,2.77999997138977,18.0,3.0,0.0,2.60599994659424,,1.98339998722076,28.0,7.0,30.9557991027832,16.0
InChI%3D1S%2FC6H3Cl2NO2%2Fc7-3-1-2-4%288%299-5%283%296%2810%2911%2Fh1-2H%2C%28H%2C10%2C11%29,6.0,2.0,0.171478807926178,14.0,1.57000005245209,9.0,0.0,0.0,1.60199999809265,,1.0382000207901,11.0,1.0,223.992294311523,6.0
InChI%3D1S%2FC17H29NO3S%2Fc1-5-8-14%2818-21-6-2%2917-15%2819%2910-13%2811-16%2817%2920%299-12%284%2922-7-3%2Fh12-13%2C19H%2C5-11H2%2C1-4H3,0.0,8.0,0.107125289738178,51.0,2.77999997138977,8.0,4.0,0.0,3.98200011253357,1.0,0.327300012111664,22.0,9.0,91.3720016479492,0.0
InChI%3D1S%2FC22H18N2O4%2Fc1-22%2816-12-14-19%2815-13-16%2927-18-10-6-3-7-11-18%2920%2825%2924%2821%2826%2928-22%2923-17-8-4-2-5-9-17%2Fh2-15%2C23H%2C1H3,18.0,0.0,0.393630772829056,46.0,3.22000002861023,13.0,0.0,1.0,7.47100019454956,,-0.627399981021881,31.0,5.0,,18.0
InChI%3D1S%2FC14H8Cl2N4%2Fc15-11-7-3-1-5-9%2811%2913-17-19-14%2820-18-13%2910-6-2-4-8-12%2810%2916%2Fh1-8H,0.0,5.0,,34.0,2.77999997138977,6.0,4.0,0.0,3.65000009536743,,,14.0,2.0,,0.0
InChI%3D1S%2FC10H5Cl2NO2%2Fc11-6-3-5-1-2-7%2812%298%2810%2814%2915%299%285%2913-4-6%2Fh1-4H%2C%28H%2C14%2C15%29,6.0,0.0,0.462264001369476,23.0,1.89999997615814,14.0,0.0,0.0,1.817999958992,,0.679899990558624,15.0,1.0,53.1337013244629,6.0
InChI%3D1S%2FC14H14F3N5O6S.Na%2Fc1-26-9-6-10%2827-2%2920-12%2819-9%2921-13%2823%2922-29%2824%2C25%2911-8%284-3-5-18-11%2928-7-14%2815%2C16%2917%3B%2Fh3-6H%2C7H2%2C1-2H3%2C%28H2%2C19%2C20%2C21%2C22%2C23%29%3B%2Fq%3B%2B1%2Fp-1,12.0,7.0,,43.0,1.24000000953674,22.0,2.0,0.0,0.653999984264374,,,30.0,9.0,,12.0
InChI%3D1S%2FC10H11F3N2O%2Fc1-15%282%299%2816%2914-8-5-3-4-7%286-8%2910%2811%2C12%2913%2Fh3-6H%2C1-2H3%2C%28H%2C14%2C16%29,6.0,6.0,3.95691657066345,27.0,1.89999997615814,10.0,0.0,0.0,2.04200005531311,,1.98919999599457,16.0,3.0,57.8689002990723,6.0
InChI%3D1S%2FC23H22O6%2Fc1-11%282%2916-8-14-15%2828-16%296-5-12-22%2824%2921-13-7-18%2825-3%2919%2826-4%299-17%2813%2927-10-20%2821%2929-23%2812%2914%2Fh5-7%2C9%2C16%2C20-21H%2C1%2C8%2C10H2%2C2-4H3,12.0,2.0,0.0192376896739006,51.0,3.32999992370605,10.0,0.0,0.0,2.07599997520447,,0.138699993491173,33.0,3.0,114.148902893066,12.0
InChI%3D1S%2FC32H46O7%2Fc1-6-27-21%284%2912-13-31%2839-27%2917-25-16-24%2838-31%2911-10-20%283%2914-19%282%298-7-9-23-18-36-29-28%2833%2922%285%2915-26%2830%2834%2937-25%2932%2823%2C29%2935%2Fh7-10%2C15%2C19%2C21%2C24-29%2C33%2C35H%2C6%2C11-14%2C16-18H2%2C1-5H3,0.0,2.0,0.196160405874252,85.0,4.21000003814697,4.0,2.0,0.0,3.43099999427795,,0.442900002002716,43.0,1.0,143.097305297852,0.0
InChI%3D1S%2FC15H16F5NO2S2%2Fc1-6%282%295-7-8%2813%2822%2924-3%2910%2812%2816%2917%2921-11%2815%2818%2C19%2920%299%287%2914%2823%2925-4%2Fh6%2C12H%2C5H2%2C1-4H3,0.0,19.0,3.85768890380859,38.0,1.57000005245209,4.0,4.0,1.0,2.00699996948242,,1.96410000324249,18.0,11.0,,0.0
InChI%3D1S%2FC13H14F3N3O4%2Fc1-4-17%287-8%282%293%2912-10%2818%2820%2921%295-9%2813%2814%2C15%2916%296-11%2812%2919%2822%2923%2Fh5-6H%2C2%2C4%2C7H2%2C1%2C3H3,6.0,3.0,0.773696184158325,25.0,1.89999997615814,6.0,0.0,0.0,0.962999999523163,,0.879599988460541,17.0,2.0,68.2354965209961,6.0
InChI%3D1S%2FC7H7Cl3NO3PS%2Fc1-12-15%2816%2C13-2%2914-7-5%289%293-4%288%296%2810%2911-7%2Fh3H%2C1-2H3,6.0,7.0,9.1645450592041,23.0,1.24000000953674,11.0,0.0,0.0,3.36999988555908,,3.02729988098145,16.0,4.0,47.7263984680176,6.0
InChI%3D1S%2FC5H12NO3PS2%2Fc1-6-5%287%294-12-10%2811%2C8-2%299-3%2Fh4H2%2C1-3H3%2C%28H%2C6%2C7%29,12.0,7.0,2.77222490310669,43.0,1.35000002384186,24.0,0.0,0.0,0.970000028610229,1.0,1.66499996185303,32.0,10.0,95.3277969360352,12.0
InChI%3D1S%2FC7H3Br2NO%2Fc8-5-1-4%283-10%292-6%289%297%285%2911%2Fh1-2%2C11H,6.0,2.0,2.5115909576416,14.0,1.78999996185303,9.0,0.0,0.0,1.88199996948242,,1.58480000495911,11.0,0.0,52.6082000732422,6.0
InChI%3D1S%2FC11H20N3O3PS%2Fc1-6-14%287-2%2911-12-9%283%298-10%2813-11%2917-18%2819%2C15-4%2916-5%2Fh8H%2C6-7H2%2C1-5H3,6.0,7.0,,39.0,1.78999996185303,12.0,2.0,0.0,3.20300006866455,,,19.0,7.0,,6.0
InChI%3D1S%2FC11H9Cl2NO3%2Fc12-6-1-2-8%287%2813%295-6%2914-9%2815%2911%283-4-11%2910%2816%2917%2Fh1-2%2C5H%2C3-4H2%2C%28H%2C14%2C15%29%28H%2C16%2C17%29,6.0,3.0,0.850452840328217,26.0,2.00999999046326,9.0,0.0,0.0,2.60599994659424,,0.92220002412796,18.0,3.0,,6.0
InChI%3D1S%2FC4H8N2S4.Mn%2Fc7-3%288%295-1-2-6-4%289%2910%3B%2Fh1-2H2%2C%28H2%2C5%2C7%2C8%29%28H2%2C6%2C9%2C10%29%3B%2Fq%3B%2B2%2Fp-2,0.0,9.0,,20.0,1.67999994754791,3.0,3.0,0.0,0.954999983310699,0.0,,8.0,5.0,,0.0
InChI%3D1S%2FC13H10Cl2FN5O3S%2Fc1-2-24-13-17-9%2816%296-10-18-12%2819-21%2810%2913%2925%2822%2C23%2920-11-7%2814%294-3-5-8%2811%2915%2Fh3-6%2C20H%2C2H2%2C1H3,16.0,4.0,0.999400079250336,35.0,1.57000005245209,20.0,2.0,0.0,2.47099995613098,,0.999700009822845,27.0,5.0,38.0640983581543,15.0
InChI%3D1S%2FC17H17N3OS%2Fc1-17%2813-9-5-3-6-10-13%2915%2821%2920%2816%2818-17%2922-2%2919-14-11-7-4-8-12-14%2Fh3-12%2C19H%2C1-2H3,12.0,2.0,0.119301162660122,39.0,2.77999997138977,12.0,0.0,1.0,6.29500007629395,,0.345400005578995,24.0,4.0,38.4668998718262,12.0
InChI%3D1S%2FC12H14N4O4S2%2Fc1-19-11%2817%2915-9%2821%2913-7-5-3-4-6-8%287%2914-10%2822%2916-12%2818%2920-2%2Fh3-6H%2C1-2H3%2C%28H2%2C13%2C15%2C17%2C21%29%28H2%2C14%2C16%2C18%2C22%29,6.0,8.0,,36.0,1.67999994754791,18.0,0.0,0.0,1.15400004386902,,2.48860001564026,22.0,6.0,,6.0
InChI%3D1S%2FC12H4Cl2F6N4OS%2Fc13-5-1-4%2811%2815%2C16%2917%292-6%2814%298%285%2924-10%2822%299%287%283-21%2923-24%2926%2825%2912%2818%2C19%2920%2Fh1-2H%2C22H2,6.0,3.0,5.30611228942871,23.0,1.78999996185303,11.0,2.0,0.0,,,2.3034999370575,13.0,3.0,80.3831024169922,6.0
InChI%3D1S%2FC17H18N4O6S%2Fc1-10-7-11%282%2919-16%2818-10%2920-17%2823%2921-28%2824%2C25%2914-6-4-3-5-13%2814%2915%2822%2927-12-8-26-9-12%2Fh3-7%2C12H%2C8-9H2%2C1-2H3%2C%28H2%2C18%2C19%2C20%2C21%2C23%29,12.0,7.0,,46.0,2.11999988555908,22.0,0.0,0.0,2.54200005531311,,0.106899999082088,30.0,7.0,,12.0
InChI%3D1S%2FC14H20ClNO2%2Fc1-4-12-8-6-7-11%283%2914%2812%2916%2810-18-5-2%2913%2817%299-15%2Fh6-8H%2C4-5%2C9-10H2%2C1-3H3,6.0,9.0,2.64420127868652,38.0,2.55999994277954,9.0,2.0,0.0,3.79500007629395,,1.62609994411469,18.0,7.0,,6.0
InChI%3D1S%2FC6H3Cl3N2O2%2Fc7-1-3%2810%292%288%295%289%2911-4%281%296%2812%2913%2Fh%28H2%2C10%2C11%29%28H%2C12%2C13%29,6.0,2.0,0.0961000025272369,16.0,1.35000002384186,10.0,0.0,0.0,-1.02900004386902,2.0,0.310000002384186,13.0,1.0,52.5013008117676,6.0
InChI%3D1S%2FC12H12ClN5O4S%2Fc1-7-14-10%2817-12%2815-7%2922-2%2916-11%2819%2918-23%2820%2C21%299-6-4-3-5-8%289%2913%2Fh3-6H%2C1-2H3%2C%28H2%2C14%2C15%2C16%2C17%2C18%2C19%29,0.0,10.0,0.568817615509033,28.0,2.11999988555908,0.0,3.0,0.0,3.71399998664856,,0.754199981689453,9.0,7.0,52.0564002990723,0.0
InChI%3D1S%2FC8H16NO5P%2Fc1-7%286-8%2810%299%282%293%2914-15%2811%2C12-4%2913-5%2Fh6H%2C1-5H3,0.0,15.0,0.000870249990839511,31.0,1.57000005245209,10.0,4.0,0.0,-0.345999985933304,,0.0295000001788139,14.0,6.0,56.540699005127,0.0
InChI%3D1S%2FC17H17N3O3%2Fc1-9%282%2917%283%2916%2823%2919-14%2820-17%2913-11%2815%2821%2922%298-10-6-4-5-7-12%2810%2918-13%2Fh4-9H%2C1-3H3%2C%28H%2C21%2C22%29%28H%2C19%2C20%2C23%29,0.0,6.0,1.53636026382446,9.0,1.24000000953674,0.0,2.0,0.0,1.33700001239777,,1.23950004577637,5.0,1.0,28.215799331665,0.0
InChI%3D1S%2FC14H16ClO5PS%2Fc1-4-17-21%2822%2C18-5-2%2920-10-6-7-11-9%283%2913%2815%2914%2816%2919-12%2811%298-10%2Fh6-8H%2C4-5H2%2C1-3H3,6.0,9.0,9.07093906402588,38.0,2.11999988555908,16.0,2.0,0.0,3.89599990844727,,3.01180005073547,23.0,6.0,92.9802017211914,6.0
InChI%3D1S%2FC17H13ClFNO4%2Fc1-3-8-22-17%2821%2911%282%2923-13-4-6-14%287-5-13%2924-16-15%2819%299-12%2818%2910-20-16%2Fh1%2C4-7%2C9-11H%2C8H2%2C2H3,12.0,11.0,24.0933723449707,41.0,1.67999994754791,19.0,2.0,0.0,3.74399995803833,,4.90850019454956,33.0,8.0,40.5047988891602,12.0
InChI%3D1S%2FC9H16ClN5%2Fc1-5%282%2911-8-13-7%2810%2914-9%2815-8%2912-6%283%294%2Fh5-6H%2C1-4H3%2C%28H2%2C11%2C12%2C13%2C14%2C15%29,6.0,12.0,0.678481698036194,50.0,2.33999991416931,17.0,3.0,0.0,2.41400003433228,,0.82370001077652,33.0,9.0,67.0721969604492,6.0
InChI%3D1S%2FC13H18O5S%2Fc1-5-16-12-13%282%2C3%2910-8-9%2818-19%284%2C14%2915%296-7-11%2810%2917-12%2Fh6-8%2C12H%2C5H2%2C1-4H3,6.0,7.0,1.12042224407196,25.0,2.00999999046326,7.0,4.0,0.0,2.10800004005432,,1.05850005149841,15.0,5.0,,6.0
InChI%3D1S%2FC19H30O5%2Fc1-3-5-7-20-8-9-21-10-11-22-14-17-13-19-18%2823-15-24-19%2912-16%2817%296-4-2%2Fh12-13H%2C3-11%2C14-15H2%2C1-2H3,6.0,12.0,1.94435131549835,54.0,3.0,8.0,4.0,1.0,3.76500010490417,,-1.3944000005722,25.0,13.0,66.0001983642578,6.0
InChI%3D1S%2FC15H22ClNO2%2Fc1-5-13-8-6-7-11%282%2915%2813%2917%2814%2818%299-16%2912%283%2910-19-4%2Fh6-8%2C12H%2C5%2C9-10H2%2C1-4H3,12.0,4.0,5.09766101837158,26.0,2.11999988555908,16.0,0.0,0.0,1.38300001621246,,2.25780010223389,19.0,3.0,79.9912033081055,12.0
InChI%3D1S%2FC9H18NO3PS2%2Fc1-4-8%283%2916-14%2812%2C13-5-2%2910-6-7-15-9%2810%2911%2Fh8H%2C4-7H2%2C1-3H3,6.0,3.0,1.08451390266418,16.0,1.12999999523163,12.0,0.0,0.0,1.54999995231628,0.0,1.04139995574951,15.0,2.0,68.8597030639648,6.0
InChI%3D1S%2FC17H19F3N6O6S%2Fc1-9-6-5-7-10%2812%2827%2931-4%2911%289%2933%2829%2C30%2925-15%2828%2922-13-21-14%2826%282%293%2924-16%2823-13%2932-8-17%2818%2C19%2920%2Fh5-7H%2C8H2%2C1-4H3%2C%28H2%2C21%2C22%2C23%2C24%2C25%2C28%29,0.0,0.0,0.375891596078873,22.0,1.46000003814697,9.0,0.0,0.0,2.08200001716614,,-0.613099992275238,13.0,1.0,35.2267990112305,0.0
InChI%3D1S%2FC17H12Cl2N2O%2Fc18-14-7-5-12%286-8-14%2917%2822%2C13-9-20-11-21-10-13%2915-3-1-2-4-16%2815%2919%2Fh1-11%2C22H,0.0,6.0,0.135350406169891,14.0,1.89999997615814,2.0,5.0,0.0,0.386999994516373,,0.367900013923645,5.0,1.0,97.0450973510742,0.0
InChI%3D1S%2FC11H13NO4%2Fc1-11%282%2915-8-6-4-5-7%289%288%2916-11%2914-10%2813%2912-3%2Fh4-6H%2C1-3H3%2C%28H%2C12%2C13%29,6.0,5.0,0.0126787601038814,29.0,2.11999988555908,12.0,0.0,0.0,2.43400001525879,,0.11259999871254,17.0,2.0,61.5192985534668,6.0
InChI%3D1S%2F3C6H5.H2O.Sn%2Fc3%2A1-2-4-6-5-3-1%3B%3B%2Fh3%2A1-5H%3B1H2%3B%2Fq%3B%3B%3B%3B%2B1%2Fp-1,18.0,0.0,,39.0,3.22000002861023,6.0,0.0,0.0,,,,18.0,0.0,,18.0
InChI%3D1S%2FC21H20Cl2O3%2Fc1-21%282%2917%2812-18%2822%2923%2919%2821%2920%2824%2925-13-14-7-6-10-16%2811-14%2926-15-8-4-3-5-9-15%2Fh3-12%2C17%2C19H%2C13H2%2C1-2H3,12.0,4.0,0.213166892528534,46.0,3.22000002861023,13.0,2.0,1.0,7.31300020217896,,1.8532999753952,28.0,7.0,44.5610008239746,12.0